Iniciando Processo Completo (Monitoramento e Relatório)...
INFO: Executando monitor_activity_single_run em 2025-05-22 22:10:01
INFO: Arquivo de MACs anteriores '/home/victo/codigo-c/csv/c_macs_efetivamente_ativos_anterior.txt' não encontrado ou vazio. Iniciando com lista vazia.
DEBUG: Lista de MACs 'MACs Efetivamente Ativos ANTERIORES': [VAZIA]
DEBUG: Lista de MACs 'MACs Autenticados NDS (Atuais)': [ee:56:8c:d4:ce:5a] (Total: 1)
DEBUG: Lista de MACs 'MACs Associados WiFi (Atuais)': [ee:56:8c:d4:ce:5a] (Total: 1)
DEBUG: Lista de MACs 'MACs Efetivamente Ativos ATUAIS (NDS+WiFi)': [ee:56:8c:d4:ce:5a] (Total: 1)
INFO: Evento [CONECTADO] para MAC [ee:56:8c:d4:ce:5a] logado em /home/victo/codigo-c/csv/eventos_sessoes_C.csv
------------------------------------------------------
INFO: Iniciando executar_calculo_uptime_geral...
DEBUG: Lista de MACs 'MACs Únicos para Relatório': [ee:56:8c:d4:ce:5a] (Total: 1)
INFO: Processando eventos para MAC: ee:56:8c:d4:ce:5a (Nome: Victor Augusto)
INFO: Escrevendo relatório final em /home/victo/codigo-c/csv/relatorio_usuarios_C.csv
INFO: executar_calculo_uptime_geral concluído.
Processo Completo (execução única) concluído.
Iniciando Processo Completo (Monitoramento e Relatório)...
INFO: Executando monitor_activity_single_run em 2025-05-22 22:11:01
DEBUG: Lista de MACs 'MACs Efetivamente Ativos ANTERIORES': [ee:56:8c:d4:ce:5a] (Total: 1)
DEBUG: Lista de MACs 'MACs Autenticados NDS (Atuais)': [ee:56:8c:d4:ce:5a] (Total: 1)
DEBUG: Lista de MACs 'MACs Associados WiFi (Atuais)': [ee:56:8c:d4:ce:5a] (Total: 1)
DEBUG: Lista de MACs 'MACs Efetivamente Ativos ATUAIS (NDS+WiFi)': [ee:56:8c:d4:ce:5a] (Total: 1)
------------------------------------------------------
INFO: Iniciando executar_calculo_uptime_geral...
DEBUG: Lista de MACs 'MACs Únicos para Relatório': [ee:56:8c:d4:ce:5a] (Total: 1)
INFO: Processando eventos para MAC: ee:56:8c:d4:ce:5a (Nome: Victor Augusto)
INFO: Escrevendo relatório final em /home/victo/codigo-c/csv/relatorio_usuarios_C.csv
INFO: executar_calculo_uptime_geral concluído.
Processo Completo (execução única) concluído.
Iniciando Processo Completo (Monitoramento e Relatório)...
INFO: Executando monitor_activity_single_run em 2025-05-22 22:12:01
DEBUG: Lista de MACs 'MACs Efetivamente Ativos ANTERIORES': [ee:56:8c:d4:ce:5a] (Total: 1)
DEBUG: Lista de MACs 'MACs Autenticados NDS (Atuais)': [ee:56:8c:d4:ce:5a] (Total: 1)
DEBUG: Lista de MACs 'MACs Associados WiFi (Atuais)': [ee:56:8c:d4:ce:5a] (Total: 1)
DEBUG: Lista de MACs 'MACs Efetivamente Ativos ATUAIS (NDS+WiFi)': [ee:56:8c:d4:ce:5a] (Total: 1)
------------------------------------------------------
INFO: Iniciando executar_calculo_uptime_geral...
DEBUG: Lista de MACs 'MACs Únicos para Relatório': [ee:56:8c:d4:ce:5a] (Total: 1)
INFO: Processando eventos para MAC: ee:56:8c:d4:ce:5a (Nome: Victor Augusto)
INFO: Escrevendo relatório final em /home/victo/codigo-c/csv/relatorio_usuarios_C.csv
INFO: executar_calculo_uptime_geral concluído.
Processo Completo (execução única) concluído.
Iniciando Processo Completo (Monitoramento e Relatório)...
INFO: Executando monitor_activity_single_run em 2025-05-22 22:13:01
DEBUG: Lista de MACs 'MACs Efetivamente Ativos ANTERIORES': [ee:56:8c:d4:ce:5a] (Total: 1)
DEBUG: Lista de MACs 'MACs Autenticados NDS (Atuais)': [ee:56:8c:d4:ce:5a] (Total: 1)
DEBUG: Lista de MACs 'MACs Associados WiFi (Atuais)': [ee:56:8c:d4:ce:5a] (Total: 1)
DEBUG: Lista de MACs 'MACs Efetivamente Ativos ATUAIS (NDS+WiFi)': [ee:56:8c:d4:ce:5a] (Total: 1)
------------------------------------------------------
INFO: Iniciando executar_calculo_uptime_geral...
DEBUG: Lista de MACs 'MACs Únicos para Relatório': [ee:56:8c:d4:ce:5a] (Total: 1)
INFO: Processando eventos para MAC: ee:56:8c:d4:ce:5a (Nome: Victor Augusto)
INFO: Escrevendo relatório final em /home/victo/codigo-c/csv/relatorio_usuarios_C.csv
INFO: executar_calculo_uptime_geral concluído.
Processo Completo (execução única) concluído.
Iniciando Processo Completo (Monitoramento e Relatório)...
INFO: Executando monitor_activity_single_run em 2025-05-22 22:14:01
DEBUG: Lista de MACs 'MACs Efetivamente Ativos ANTERIORES': [ee:56:8c:d4:ce:5a] (Total: 1)
DEBUG: Lista de MACs 'MACs Autenticados NDS (Atuais)': [ee:56:8c:d4:ce:5a] (Total: 1)
DEBUG: Lista de MACs 'MACs Associados WiFi (Atuais)': [ee:56:8c:d4:ce:5a] (Total: 1)
DEBUG: Lista de MACs 'MACs Efetivamente Ativos ATUAIS (NDS+WiFi)': [ee:56:8c:d4:ce:5a] (Total: 1)
------------------------------------------------------
INFO: Iniciando executar_calculo_uptime_geral...
DEBUG: Lista de MACs 'MACs Únicos para Relatório': [ee:56:8c:d4:ce:5a] (Total: 1)
INFO: Processando eventos para MAC: ee:56:8c:d4:ce:5a (Nome: Victor Augusto)
INFO: Escrevendo relatório final em /home/victo/codigo-c/csv/relatorio_usuarios_C.csv
INFO: executar_calculo_uptime_geral concluído.
Processo Completo (execução única) concluído.
Iniciando Processo Completo (Monitoramento e Relatório)...
INFO: Executando monitor_activity_single_run em 2025-05-22 22:15:02
DEBUG: Lista de MACs 'MACs Efetivamente Ativos ANTERIORES': [ee:56:8c:d4:ce:5a] (Total: 1)
DEBUG: Lista de MACs 'MACs Autenticados NDS (Atuais)': [ee:56:8c:d4:ce:5a] (Total: 1)
DEBUG: Lista de MACs 'MACs Associados WiFi (Atuais)': [ee:56:8c:d4:ce:5a] (Total: 1)
DEBUG: Lista de MACs 'MACs Efetivamente Ativos ATUAIS (NDS+WiFi)': [ee:56:8c:d4:ce:5a] (Total: 1)
------------------------------------------------------
INFO: Iniciando executar_calculo_uptime_geral...
DEBUG: Lista de MACs 'MACs Únicos para Relatório': [ee:56:8c:d4:ce:5a] (Total: 1)
INFO: Processando eventos para MAC: ee:56:8c:d4:ce:5a (Nome: Victor Augusto)
INFO: Escrevendo relatório final em /home/victo/codigo-c/csv/relatorio_usuarios_C.csv
INFO: executar_calculo_uptime_geral concluído.
Processo Completo (execução única) concluído.
ERRO: Não foi possível abrir /tmp/nodogsplash_debug/dados_completos.csv para ler detalhes do usuário.
ERRO: Não foi possível abrir /tmp/nodogsplash_debug/dados_completos.csv para ler dados base dos usuários.
AVISO: Nenhum dado base de usuário carregado. O relatório pode estar vazio ou incompleto.
Iniciando Processo Completo (Monitoramento e Relatório)...
INFO: Executando monitor_activity_single_run em 2025-05-22 22:16:11
DEBUG: Lista de MACs 'MACs Efetivamente Ativos ANTERIORES': [ee:56:8c:d4:ce:5a] (Total: 1)
DEBUG: Lista de MACs 'MACs Autenticados NDS (Atuais)': [VAZIA]
DEBUG: Lista de MACs 'MACs Associados WiFi (Atuais)': [VAZIA]
DEBUG: Lista de MACs 'MACs Efetivamente Ativos ATUAIS (NDS+WiFi)': [VAZIA]
INFO: Evento [DESCONECTADO] para MAC [ee:56:8c:d4:ce:5a] logado em /home/victo/codigo-c/csv/eventos_sessoes_C.csv
------------------------------------------------------
INFO: Iniciando executar_calculo_uptime_geral...
DEBUG: Lista de MACs 'MACs Únicos para Relatório': [VAZIA]
INFO: Escrevendo relatório final em /home/victo/codigo-c/csv/relatorio_usuarios_C.csv
INFO: executar_calculo_uptime_geral concluído.
Processo Completo (execução única) concluído.
ERRO: Não foi possível abrir /tmp/nodogsplash_debug/dados_completos.csv para ler dados base dos usuários.
AVISO: Nenhum dado base de usuário carregado. O relatório pode estar vazio ou incompleto.
Iniciando Processo Completo (Monitoramento e Relatório)...
INFO: Executando monitor_activity_single_run em 2025-05-22 22:17:01
DEBUG: Lista de MACs 'MACs Efetivamente Ativos ANTERIORES': [VAZIA]
DEBUG: Lista de MACs 'MACs Autenticados NDS (Atuais)': [VAZIA]
DEBUG: Lista de MACs 'MACs Associados WiFi (Atuais)': [VAZIA]
DEBUG: Lista de MACs 'MACs Efetivamente Ativos ATUAIS (NDS+WiFi)': [VAZIA]
------------------------------------------------------
INFO: Iniciando executar_calculo_uptime_geral...
DEBUG: Lista de MACs 'MACs Únicos para Relatório': [VAZIA]
INFO: Escrevendo relatório final em /home/victo/codigo-c/csv/relatorio_usuarios_C.csv
INFO: executar_calculo_uptime_geral concluído.
Processo Completo (execução única) concluído.
Iniciando Processo Completo (Monitoramento e Relatório)...
INFO: Executando monitor_activity_single_run em 2025-05-22 22:19:01
DEBUG: Lista de MACs 'MACs Efetivamente Ativos ANTERIORES': [VAZIA]
DEBUG: Lista de MACs 'MACs Autenticados NDS (Atuais)': [ee:56:8c:d4:ce:5a] (Total: 1)
DEBUG: Lista de MACs 'MACs Associados WiFi (Atuais)': [ee:56:8c:d4:ce:5a] (Total: 1)
DEBUG: Lista de MACs 'MACs Efetivamente Ativos ATUAIS (NDS+WiFi)': [ee:56:8c:d4:ce:5a] (Total: 1)
INFO: Evento [CONECTADO] para MAC [ee:56:8c:d4:ce:5a] logado em /home/victo/codigo-c/csv/eventos_sessoes_C.csv
------------------------------------------------------
INFO: Iniciando executar_calculo_uptime_geral...
DEBUG: Lista de MACs 'MACs Únicos para Relatório': [ee:56:8c:d4:ce:5a] (Total: 1)
INFO: Processando eventos para MAC: ee:56:8c:d4:ce:5a (Nome: Victor Augusto)
INFO: Escrevendo relatório final em /home/victo/codigo-c/csv/relatorio_usuarios_C.csv
INFO: executar_calculo_uptime_geral concluído.
Processo Completo (execução única) concluído.
Iniciando Processo Completo (Monitoramento e Relatório)...
INFO: Executando monitor_activity_single_run em 2025-05-22 22:18:01
DEBUG: Lista de MACs 'MACs Efetivamente Ativos ANTERIORES': [VAZIA]
DEBUG: Lista de MACs 'MACs Autenticados NDS (Atuais)': [ee:56:8c:d4:ce:5a] (Total: 1)
DEBUG: Lista de MACs 'MACs Associados WiFi (Atuais)': [ee:56:8c:d4:ce:5a] (Total: 1)
DEBUG: Lista de MACs 'MACs Efetivamente Ativos ATUAIS (NDS+WiFi)': [ee:56:8c:d4:ce:5a] (Total: 1)
INFO: Evento [CONECTADO] para MAC [ee:56:8c:d4:ce:5a] logado em /home/victo/codigo-c/csv/eventos_sessoes_C.csv
------------------------------------------------------
INFO: Iniciando executar_calculo_uptime_geral...
DEBUG: Lista de MACs 'MACs Únicos para Relatório': [ee:56:8c:d4:ce:5a] (Total: 1)
INFO: Processando eventos para MAC: ee:56:8c:d4:ce:5a (Nome: Victor Augusto)
INFO: Escrevendo relatório final em /home/victo/codigo-c/csv/relatorio_usuarios_C.csv
INFO: executar_calculo_uptime_geral concluído.
Processo Completo (execução única) concluído.
Iniciando Processo Completo (Monitoramento e Relatório)...
INFO: Executando monitor_activity_single_run em 2025-05-22 22:20:01
DEBUG: Lista de MACs 'MACs Efetivamente Ativos ANTERIORES': [ee:56:8c:d4:ce:5a] (Total: 1)
DEBUG: Lista de MACs 'MACs Autenticados NDS (Atuais)': [ee:56:8c:d4:ce:5a] (Total: 1)
DEBUG: Lista de MACs 'MACs Associados WiFi (Atuais)': [ee:56:8c:d4:ce:5a] (Total: 1)
DEBUG: Lista de MACs 'MACs Efetivamente Ativos ATUAIS (NDS+WiFi)': [ee:56:8c:d4:ce:5a] (Total: 1)
------------------------------------------------------
INFO: Iniciando executar_calculo_uptime_geral...
DEBUG: Lista de MACs 'MACs Únicos para Relatório': [ee:56:8c:d4:ce:5a] (Total: 1)
INFO: Processando eventos para MAC: ee:56:8c:d4:ce:5a (Nome: Victor Augusto)
INFO: Escrevendo relatório final em /home/victo/codigo-c/csv/relatorio_usuarios_C.csv
INFO: executar_calculo_uptime_geral concluído.
Processo Completo (execução única) concluído.
Iniciando Processo Completo (Monitoramento e Relatório)...
INFO: Executando monitor_activity_single_run em 2025-05-22 22:21:01
DEBUG: Lista de MACs 'MACs Efetivamente Ativos ANTERIORES': [ee:56:8c:d4:ce:5a] (Total: 1)
DEBUG: Lista de MACs 'MACs Autenticados NDS (Atuais)': [ee:56:8c:d4:ce:5a] (Total: 1)
DEBUG: Lista de MACs 'MACs Associados WiFi (Atuais)': [ee:56:8c:d4:ce:5a] (Total: 1)
DEBUG: Lista de MACs 'MACs Efetivamente Ativos ATUAIS (NDS+WiFi)': [ee:56:8c:d4:ce:5a] (Total: 1)
------------------------------------------------------
INFO: Iniciando executar_calculo_uptime_geral...
DEBUG: Lista de MACs 'MACs Únicos para Relatório': [ee:56:8c:d4:ce:5a] (Total: 1)
INFO: Processando eventos para MAC: ee:56:8c:d4:ce:5a (Nome: Victor Augusto)
INFO: Escrevendo relatório final em /home/victo/codigo-c/csv/relatorio_usuarios_C.csv
INFO: executar_calculo_uptime_geral concluído.
Processo Completo (execução única) concluído.
Iniciando Processo Completo (Monitoramento e Relatório)...
INFO: Executando monitor_activity_single_run em 2025-05-22 22:22:01
DEBUG: Lista de MACs 'MACs Efetivamente Ativos ANTERIORES': [ee:56:8c:d4:ce:5a] (Total: 1)
DEBUG: Lista de MACs 'MACs Autenticados NDS (Atuais)': [ee:56:8c:d4:ce:5a] (Total: 1)
DEBUG: Lista de MACs 'MACs Associados WiFi (Atuais)': [VAZIA]
DEBUG: Lista de MACs 'MACs Efetivamente Ativos ATUAIS (NDS+WiFi)': [VAZIA]
INFO: Evento [DESCONECTADO] para MAC [ee:56:8c:d4:ce:5a] logado em /home/victo/codigo-c/csv/eventos_sessoes_C.csv
------------------------------------------------------
INFO: Iniciando executar_calculo_uptime_geral...
DEBUG: Lista de MACs 'MACs Únicos para Relatório': [ee:56:8c:d4:ce:5a] (Total: 1)
INFO: Processando eventos para MAC: ee:56:8c:d4:ce:5a (Nome: Victor Augusto)
INFO: Escrevendo relatório final em /home/victo/codigo-c/csv/relatorio_usuarios_C.csv
INFO: executar_calculo_uptime_geral concluído.
Processo Completo (execução única) concluído.
Iniciando Processo Completo (Monitoramento e Relatório)...
INFO: Executando monitor_activity_single_run em 2025-05-22 22:23:01
DEBUG: Lista de MACs 'MACs Efetivamente Ativos ANTERIORES': [ee:56:8c:d4:ce:5a] (Total: 1)
DEBUG: Lista de MACs 'MACs Autenticados NDS (Atuais)': [ee:56:8c:d4:ce:5a] (Total: 1)
DEBUG: Lista de MACs 'MACs Associados WiFi (Atuais)': [VAZIA]
DEBUG: Lista de MACs 'MACs Efetivamente Ativos ATUAIS (NDS+WiFi)': [VAZIA]
INFO: Evento [DESCONECTADO] para MAC [ee:56:8c:d4:ce:5a] logado em /home/victo/codigo-c/csv/eventos_sessoes_C.csv
------------------------------------------------------
INFO: Iniciando executar_calculo_uptime_geral...
DEBUG: Lista de MACs 'MACs Únicos para Relatório': [ee:56:8c:d4:ce:5a] (Total: 1)
INFO: Processando eventos para MAC: ee:56:8c:d4:ce:5a (Nome: Victor Augusto)
INFO: Escrevendo relatório final em /home/victo/codigo-c/csv/relatorio_usuarios_C.csv
INFO: executar_calculo_uptime_geral concluído.
Processo Completo (execução única) concluído.
Iniciando Processo Completo (Monitoramento e Relatório)...
INFO: Executando monitor_activity_single_run em 2025-05-22 22:24:01
DEBUG: Lista de MACs 'MACs Efetivamente Ativos ANTERIORES': [VAZIA]
DEBUG: Lista de MACs 'MACs Autenticados NDS (Atuais)': [ee:56:8c:d4:ce:5a] (Total: 1)
DEBUG: Lista de MACs 'MACs Associados WiFi (Atuais)': [ee:56:8c:d4:ce:5a] (Total: 1)
DEBUG: Lista de MACs 'MACs Efetivamente Ativos ATUAIS (NDS+WiFi)': [ee:56:8c:d4:ce:5a] (Total: 1)
INFO: Evento [CONECTADO] para MAC [ee:56:8c:d4:ce:5a] logado em /home/victo/codigo-c/csv/eventos_sessoes_C.csv
------------------------------------------------------
INFO: Iniciando executar_calculo_uptime_geral...
DEBUG: Lista de MACs 'MACs Únicos para Relatório': [ee:56:8c:d4:ce:5a] (Total: 1)
INFO: Processando eventos para MAC: ee:56:8c:d4:ce:5a (Nome: Victor Augusto)
INFO: Escrevendo relatório final em /home/victo/codigo-c/csv/relatorio_usuarios_C.csv
INFO: executar_calculo_uptime_geral concluído.
Processo Completo (execução única) concluído.
Iniciando Processo Completo (Monitoramento e Relatório)...
INFO: Executando monitor_activity_single_run em 2025-05-22 22:25:01
DEBUG: Lista de MACs 'MACs Efetivamente Ativos ANTERIORES': [VAZIA]
DEBUG: Lista de MACs 'MACs Autenticados NDS (Atuais)': [ee:56:8c:d4:ce:5a] (Total: 1)
DEBUG: Lista de MACs 'MACs Associados WiFi (Atuais)': [ee:56:8c:d4:ce:5a] (Total: 1)
DEBUG: Lista de MACs 'MACs Efetivamente Ativos ATUAIS (NDS+WiFi)': [ee:56:8c:d4:ce:5a] (Total: 1)
INFO: Evento [CONECTADO] para MAC [ee:56:8c:d4:ce:5a] logado em /home/victo/codigo-c/csv/eventos_sessoes_C.csv
------------------------------------------------------
INFO: Iniciando executar_calculo_uptime_geral...
DEBUG: Lista de MACs 'MACs Únicos para Relatório': [ee:56:8c:d4:ce:5a] (Total: 1)
INFO: Processando eventos para MAC: ee:56:8c:d4:ce:5a (Nome: Victor Augusto)
INFO: Escrevendo relatório final em /home/victo/codigo-c/csv/relatorio_usuarios_C.csv
INFO: executar_calculo_uptime_geral concluído.
Processo Completo (execução única) concluído.
Iniciando Processo Completo (Monitoramento e Relatório)...
INFO: Executando monitor_activity_single_run em 2025-05-22 22:26:01
DEBUG: Lista de MACs 'MACs Efetivamente Ativos ANTERIORES': [ee:56:8c:d4:ce:5a] (Total: 1)
DEBUG: Lista de MACs 'MACs Autenticados NDS (Atuais)': [ee:56:8c:d4:ce:5a] (Total: 1)
DEBUG: Lista de MACs 'MACs Associados WiFi (Atuais)': [ee:56:8c:d4:ce:5a] (Total: 1)
DEBUG: Lista de MACs 'MACs Efetivamente Ativos ATUAIS (NDS+WiFi)': [ee:56:8c:d4:ce:5a] (Total: 1)
------------------------------------------------------
INFO: Iniciando executar_calculo_uptime_geral...
DEBUG: Lista de MACs 'MACs Únicos para Relatório': [ee:56:8c:d4:ce:5a] (Total: 1)
INFO: Processando eventos para MAC: ee:56:8c:d4:ce:5a (Nome: Victor Augusto)
INFO: Escrevendo relatório final em /home/victo/codigo-c/csv/relatorio_usuarios_C.csv
INFO: executar_calculo_uptime_geral concluído.
Processo Completo (execução única) concluído.
Iniciando Processo Completo (Monitoramento e Relatório)...
INFO: Executando monitor_activity_single_run em 2025-05-22 22:27:01
DEBUG: Lista de MACs 'MACs Efetivamente Ativos ANTERIORES': [ee:56:8c:d4:ce:5a] (Total: 1)
DEBUG: Lista de MACs 'MACs Autenticados NDS (Atuais)': [ee:56:8c:d4:ce:5a] (Total: 1)
DEBUG: Lista de MACs 'MACs Associados WiFi (Atuais)': [ee:56:8c:d4:ce:5a] (Total: 1)
DEBUG: Lista de MACs 'MACs Efetivamente Ativos ATUAIS (NDS+WiFi)': [ee:56:8c:d4:ce:5a] (Total: 1)
------------------------------------------------------
INFO: Iniciando executar_calculo_uptime_geral...
DEBUG: Lista de MACs 'MACs Únicos para Relatório': [ee:56:8c:d4:ce:5a] (Total: 1)
INFO: Processando eventos para MAC: ee:56:8c:d4:ce:5a (Nome: Victor Augusto)
INFO: Escrevendo relatório final em /home/victo/codigo-c/csv/relatorio_usuarios_C.csv
INFO: executar_calculo_uptime_geral concluído.
Processo Completo (execução única) concluído.
Iniciando Processo Completo (Monitoramento e Relatório)...
INFO: Executando monitor_activity_single_run em 2025-05-22 22:28:01
DEBUG: Lista de MACs 'MACs Efetivamente Ativos ANTERIORES': [ee:56:8c:d4:ce:5a] (Total: 1)
DEBUG: Lista de MACs 'MACs Autenticados NDS (Atuais)': [ee:56:8c:d4:ce:5a] (Total: 1)
DEBUG: Lista de MACs 'MACs Associados WiFi (Atuais)': [ee:56:8c:d4:ce:5a] (Total: 1)
DEBUG: Lista de MACs 'MACs Efetivamente Ativos ATUAIS (NDS+WiFi)': [ee:56:8c:d4:ce:5a] (Total: 1)
------------------------------------------------------
INFO: Iniciando executar_calculo_uptime_geral...
DEBUG: Lista de MACs 'MACs Únicos para Relatório': [ee:56:8c:d4:ce:5a] (Total: 1)
INFO: Processando eventos para MAC: ee:56:8c:d4:ce:5a (Nome: Victor Augusto)
INFO: Escrevendo relatório final em /home/victo/codigo-c/csv/relatorio_usuarios_C.csv
INFO: executar_calculo_uptime_geral concluído.
Processo Completo (execução única) concluído.
Iniciando Processo Completo (Monitoramento e Relatório)...
INFO: Executando monitor_activity_single_run em 2025-05-22 22:29:01
DEBUG: Lista de MACs 'MACs Efetivamente Ativos ANTERIORES': [ee:56:8c:d4:ce:5a] (Total: 1)
DEBUG: Lista de MACs 'MACs Autenticados NDS (Atuais)': [ee:56:8c:d4:ce:5a] (Total: 1)
DEBUG: Lista de MACs 'MACs Associados WiFi (Atuais)': [ee:56:8c:d4:ce:5a] (Total: 1)
DEBUG: Lista de MACs 'MACs Efetivamente Ativos ATUAIS (NDS+WiFi)': [ee:56:8c:d4:ce:5a] (Total: 1)
------------------------------------------------------
INFO: Iniciando executar_calculo_uptime_geral...
DEBUG: Lista de MACs 'MACs Únicos para Relatório': [ee:56:8c:d4:ce:5a] (Total: 1)
INFO: Processando eventos para MAC: ee:56:8c:d4:ce:5a (Nome: Victor Augusto)
INFO: Escrevendo relatório final em /home/victo/codigo-c/csv/relatorio_usuarios_C.csv
INFO: executar_calculo_uptime_geral concluído.
Processo Completo (execução única) concluído.
Iniciando Processo Completo (Monitoramento e Relatório)...
INFO: Executando monitor_activity_single_run em 2025-05-22 22:30:01
DEBUG: Lista de MACs 'MACs Efetivamente Ativos ANTERIORES': [ee:56:8c:d4:ce:5a] (Total: 1)
DEBUG: Lista de MACs 'MACs Autenticados NDS (Atuais)': [ee:56:8c:d4:ce:5a] (Total: 1)
DEBUG: Lista de MACs 'MACs Associados WiFi (Atuais)': [ee:56:8c:d4:ce:5a] (Total: 1)
DEBUG: Lista de MACs 'MACs Efetivamente Ativos ATUAIS (NDS+WiFi)': [ee:56:8c:d4:ce:5a] (Total: 1)
------------------------------------------------------
INFO: Iniciando executar_calculo_uptime_geral...
DEBUG: Lista de MACs 'MACs Únicos para Relatório': [ee:56:8c:d4:ce:5a] (Total: 1)
INFO: Processando eventos para MAC: ee:56:8c:d4:ce:5a (Nome: Victor Augusto)
INFO: Escrevendo relatório final em /home/victo/codigo-c/csv/relatorio_usuarios_C.csv
INFO: executar_calculo_uptime_geral concluído.
Processo Completo (execução única) concluído.
Iniciando Processo Completo (Monitoramento e Relatório)...
INFO: Executando monitor_activity_single_run em 2025-05-22 22:31:01
DEBUG: Lista de MACs 'MACs Efetivamente Ativos ANTERIORES': [ee:56:8c:d4:ce:5a] (Total: 1)
DEBUG: Lista de MACs 'MACs Autenticados NDS (Atuais)': [ee:56:8c:d4:ce:5a] (Total: 1)
DEBUG: Lista de MACs 'MACs Associados WiFi (Atuais)': [ee:56:8c:d4:ce:5a] (Total: 1)
DEBUG: Lista de MACs 'MACs Efetivamente Ativos ATUAIS (NDS+WiFi)': [ee:56:8c:d4:ce:5a] (Total: 1)
------------------------------------------------------
INFO: Iniciando executar_calculo_uptime_geral...
DEBUG: Lista de MACs 'MACs Únicos para Relatório': [ee:56:8c:d4:ce:5a] (Total: 1)
INFO: Processando eventos para MAC: ee:56:8c:d4:ce:5a (Nome: Victor Augusto)
INFO: Escrevendo relatório final em /home/victo/codigo-c/csv/relatorio_usuarios_C.csv
INFO: executar_calculo_uptime_geral concluído.
Processo Completo (execução única) concluído.
Iniciando Processo Completo (Monitoramento e Relatório)...
INFO: Executando monitor_activity_single_run em 2025-05-22 22:32:01
DEBUG: Lista de MACs 'MACs Efetivamente Ativos ANTERIORES': [ee:56:8c:d4:ce:5a] (Total: 1)
DEBUG: Lista de MACs 'MACs Autenticados NDS (Atuais)': [ee:56:8c:d4:ce:5a] (Total: 1)
DEBUG: Lista de MACs 'MACs Associados WiFi (Atuais)': [ee:56:8c:d4:ce:5a] (Total: 1)
DEBUG: Lista de MACs 'MACs Efetivamente Ativos ATUAIS (NDS+WiFi)': [ee:56:8c:d4:ce:5a] (Total: 1)
------------------------------------------------------
INFO: Iniciando executar_calculo_uptime_geral...
DEBUG: Lista de MACs 'MACs Únicos para Relatório': [ee:56:8c:d4:ce:5a] (Total: 1)
INFO: Processando eventos para MAC: ee:56:8c:d4:ce:5a (Nome: Victor Augusto)
INFO: Escrevendo relatório final em /home/victo/codigo-c/csv/relatorio_usuarios_C.csv
INFO: executar_calculo_uptime_geral concluído.
Processo Completo (execução única) concluído.
Iniciando Processo Completo (Monitoramento e Relatório)...
INFO: Executando monitor_activity_single_run em 2025-05-22 22:33:01
DEBUG: Lista de MACs 'MACs Efetivamente Ativos ANTERIORES': [ee:56:8c:d4:ce:5a] (Total: 1)
DEBUG: Lista de MACs 'MACs Autenticados NDS (Atuais)': [ee:56:8c:d4:ce:5a] (Total: 1)
DEBUG: Lista de MACs 'MACs Associados WiFi (Atuais)': [ee:56:8c:d4:ce:5a] (Total: 1)
DEBUG: Lista de MACs 'MACs Efetivamente Ativos ATUAIS (NDS+WiFi)': [ee:56:8c:d4:ce:5a] (Total: 1)
------------------------------------------------------
INFO: Iniciando executar_calculo_uptime_geral...
DEBUG: Lista de MACs 'MACs Únicos para Relatório': [ee:56:8c:d4:ce:5a] (Total: 1)
INFO: Processando eventos para MAC: ee:56:8c:d4:ce:5a (Nome: Victor Augusto)
INFO: Escrevendo relatório final em /home/victo/codigo-c/csv/relatorio_usuarios_C.csv
INFO: executar_calculo_uptime_geral concluído.
Processo Completo (execução única) concluído.
Iniciando Processo Completo (Monitoramento e Relatório)...
INFO: Executando monitor_activity_single_run em 2025-05-22 22:34:01
DEBUG: Lista de MACs 'MACs Efetivamente Ativos ANTERIORES': [ee:56:8c:d4:ce:5a] (Total: 1)
DEBUG: Lista de MACs 'MACs Autenticados NDS (Atuais)': [ee:56:8c:d4:ce:5a] (Total: 1)
DEBUG: Lista de MACs 'MACs Associados WiFi (Atuais)': [ee:56:8c:d4:ce:5a] (Total: 1)
DEBUG: Lista de MACs 'MACs Efetivamente Ativos ATUAIS (NDS+WiFi)': [ee:56:8c:d4:ce:5a] (Total: 1)
------------------------------------------------------
INFO: Iniciando executar_calculo_uptime_geral...
DEBUG: Lista de MACs 'MACs Únicos para Relatório': [ee:56:8c:d4:ce:5a] (Total: 1)
INFO: Processando eventos para MAC: ee:56:8c:d4:ce:5a (Nome: Victor Augusto)
INFO: Escrevendo relatório final em /home/victo/codigo-c/csv/relatorio_usuarios_C.csv
INFO: executar_calculo_uptime_geral concluído.
Processo Completo (execução única) concluído.
Iniciando Processo Completo (Monitoramento e Relatório)...
INFO: Executando monitor_activity_single_run em 2025-05-22 22:35:01
DEBUG: Lista de MACs 'MACs Efetivamente Ativos ANTERIORES': [ee:56:8c:d4:ce:5a] (Total: 1)
DEBUG: Lista de MACs 'MACs Autenticados NDS (Atuais)': [ee:56:8c:d4:ce:5a] (Total: 1)
DEBUG: Lista de MACs 'MACs Associados WiFi (Atuais)': [ee:56:8c:d4:ce:5a] (Total: 1)
DEBUG: Lista de MACs 'MACs Efetivamente Ativos ATUAIS (NDS+WiFi)': [ee:56:8c:d4:ce:5a] (Total: 1)
------------------------------------------------------
INFO: Iniciando executar_calculo_uptime_geral...
DEBUG: Lista de MACs 'MACs Únicos para Relatório': [ee:56:8c:d4:ce:5a] (Total: 1)
INFO: Processando eventos para MAC: ee:56:8c:d4:ce:5a (Nome: Victor Augusto)
INFO: Escrevendo relatório final em /home/victo/codigo-c/csv/relatorio_usuarios_C.csv
INFO: executar_calculo_uptime_geral concluído.
Processo Completo (execução única) concluído.
Iniciando Processo Completo (Monitoramento e Relatório)...
INFO: Executando monitor_activity_single_run em 2025-05-22 22:36:01
DEBUG: Lista de MACs 'MACs Efetivamente Ativos ANTERIORES': [ee:56:8c:d4:ce:5a] (Total: 1)
DEBUG: Lista de MACs 'MACs Autenticados NDS (Atuais)': [ee:56:8c:d4:ce:5a] (Total: 1)
DEBUG: Lista de MACs 'MACs Associados WiFi (Atuais)': [ee:56:8c:d4:ce:5a] (Total: 1)
DEBUG: Lista de MACs 'MACs Efetivamente Ativos ATUAIS (NDS+WiFi)': [ee:56:8c:d4:ce:5a] (Total: 1)
------------------------------------------------------
INFO: Iniciando executar_calculo_uptime_geral...
DEBUG: Lista de MACs 'MACs Únicos para Relatório': [ee:56:8c:d4:ce:5a] (Total: 1)
INFO: Processando eventos para MAC: ee:56:8c:d4:ce:5a (Nome: Victor Augusto)
INFO: Escrevendo relatório final em /home/victo/codigo-c/csv/relatorio_usuarios_C.csv
INFO: executar_calculo_uptime_geral concluído.
Processo Completo (execução única) concluído.
Iniciando Processo Completo (Monitoramento e Relatório)...
INFO: Executando monitor_activity_single_run em 2025-05-22 22:37:02
DEBUG: Lista de MACs 'MACs Efetivamente Ativos ANTERIORES': [ee:56:8c:d4:ce:5a] (Total: 1)
DEBUG: Lista de MACs 'MACs Autenticados NDS (Atuais)': [ee:56:8c:d4:ce:5a] (Total: 1)
DEBUG: Lista de MACs 'MACs Associados WiFi (Atuais)': [ee:56:8c:d4:ce:5a] (Total: 1)
DEBUG: Lista de MACs 'MACs Efetivamente Ativos ATUAIS (NDS+WiFi)': [ee:56:8c:d4:ce:5a] (Total: 1)
------------------------------------------------------
INFO: Iniciando executar_calculo_uptime_geral...
DEBUG: Lista de MACs 'MACs Únicos para Relatório': [ee:56:8c:d4:ce:5a] (Total: 1)
INFO: Processando eventos para MAC: ee:56:8c:d4:ce:5a (Nome: Victor Augusto)
INFO: Escrevendo relatório final em /home/victo/codigo-c/csv/relatorio_usuarios_C.csv
INFO: executar_calculo_uptime_geral concluído.
Processo Completo (execução única) concluído.
Iniciando Processo Completo (Monitoramento e Relatório)...
INFO: Executando monitor_activity_single_run em 2025-05-22 22:38:01
DEBUG: Lista de MACs 'MACs Efetivamente Ativos ANTERIORES': [ee:56:8c:d4:ce:5a] (Total: 1)
DEBUG: Lista de MACs 'MACs Autenticados NDS (Atuais)': [ee:56:8c:d4:ce:5a] (Total: 1)
DEBUG: Lista de MACs 'MACs Associados WiFi (Atuais)': [ee:56:8c:d4:ce:5a] (Total: 1)
DEBUG: Lista de MACs 'MACs Efetivamente Ativos ATUAIS (NDS+WiFi)': [ee:56:8c:d4:ce:5a] (Total: 1)
------------------------------------------------------
INFO: Iniciando executar_calculo_uptime_geral...
DEBUG: Lista de MACs 'MACs Únicos para Relatório': [ee:56:8c:d4:ce:5a] (Total: 1)
INFO: Processando eventos para MAC: ee:56:8c:d4:ce:5a (Nome: Victor Augusto)
INFO: Escrevendo relatório final em /home/victo/codigo-c/csv/relatorio_usuarios_C.csv
INFO: executar_calculo_uptime_geral concluído.
Processo Completo (execução única) concluído.
Iniciando Processo Completo (Monitoramento e Relatório)...
INFO: Executando monitor_activity_single_run em 2025-05-22 22:39:01
DEBUG: Lista de MACs 'MACs Efetivamente Ativos ANTERIORES': [ee:56:8c:d4:ce:5a] (Total: 1)
DEBUG: Lista de MACs 'MACs Autenticados NDS (Atuais)': [ee:56:8c:d4:ce:5a] (Total: 1)
DEBUG: Lista de MACs 'MACs Associados WiFi (Atuais)': [ee:56:8c:d4:ce:5a] (Total: 1)
DEBUG: Lista de MACs 'MACs Efetivamente Ativos ATUAIS (NDS+WiFi)': [ee:56:8c:d4:ce:5a] (Total: 1)
------------------------------------------------------
INFO: Iniciando executar_calculo_uptime_geral...
DEBUG: Lista de MACs 'MACs Únicos para Relatório': [ee:56:8c:d4:ce:5a] (Total: 1)
INFO: Processando eventos para MAC: ee:56:8c:d4:ce:5a (Nome: Victor Augusto)
INFO: Escrevendo relatório final em /home/victo/codigo-c/csv/relatorio_usuarios_C.csv
INFO: executar_calculo_uptime_geral concluído.
Processo Completo (execução única) concluído.
Iniciando Processo Completo (Monitoramento e Relatório)...
INFO: Executando monitor_activity_single_run em 2025-05-22 22:40:01
DEBUG: Lista de MACs 'MACs Efetivamente Ativos ANTERIORES': [ee:56:8c:d4:ce:5a] (Total: 1)
DEBUG: Lista de MACs 'MACs Autenticados NDS (Atuais)': [ee:56:8c:d4:ce:5a] (Total: 1)
DEBUG: Lista de MACs 'MACs Associados WiFi (Atuais)': [ee:56:8c:d4:ce:5a] (Total: 1)
DEBUG: Lista de MACs 'MACs Efetivamente Ativos ATUAIS (NDS+WiFi)': [ee:56:8c:d4:ce:5a] (Total: 1)
------------------------------------------------------
INFO: Iniciando executar_calculo_uptime_geral...
DEBUG: Lista de MACs 'MACs Únicos para Relatório': [ee:56:8c:d4:ce:5a] (Total: 1)
INFO: Processando eventos para MAC: ee:56:8c:d4:ce:5a (Nome: Victor Augusto)
INFO: Escrevendo relatório final em /home/victo/codigo-c/csv/relatorio_usuarios_C.csv
INFO: executar_calculo_uptime_geral concluído.
Processo Completo (execução única) concluído.
Iniciando Processo Completo (Monitoramento e Relatório)...
INFO: Executando monitor_activity_single_run em 2025-05-22 22:41:01
DEBUG: Lista de MACs 'MACs Efetivamente Ativos ANTERIORES': [ee:56:8c:d4:ce:5a] (Total: 1)
DEBUG: Lista de MACs 'MACs Autenticados NDS (Atuais)': [ee:56:8c:d4:ce:5a] (Total: 1)
DEBUG: Lista de MACs 'MACs Associados WiFi (Atuais)': [ee:56:8c:d4:ce:5a] (Total: 1)
DEBUG: Lista de MACs 'MACs Efetivamente Ativos ATUAIS (NDS+WiFi)': [ee:56:8c:d4:ce:5a] (Total: 1)
------------------------------------------------------
INFO: Iniciando executar_calculo_uptime_geral...
DEBUG: Lista de MACs 'MACs Únicos para Relatório': [ee:56:8c:d4:ce:5a] (Total: 1)
INFO: Processando eventos para MAC: ee:56:8c:d4:ce:5a (Nome: Victor Augusto)
INFO: Escrevendo relatório final em /home/victo/codigo-c/csv/relatorio_usuarios_C.csv
INFO: executar_calculo_uptime_geral concluído.
Processo Completo (execução única) concluído.
Iniciando Processo Completo (Monitoramento e Relatório)...
INFO: Executando monitor_activity_single_run em 2025-05-22 22:42:01
DEBUG: Lista de MACs 'MACs Efetivamente Ativos ANTERIORES': [ee:56:8c:d4:ce:5a] (Total: 1)
DEBUG: Lista de MACs 'MACs Autenticados NDS (Atuais)': [ee:56:8c:d4:ce:5a] (Total: 1)
DEBUG: Lista de MACs 'MACs Associados WiFi (Atuais)': [ee:56:8c:d4:ce:5a] (Total: 1)
DEBUG: Lista de MACs 'MACs Efetivamente Ativos ATUAIS (NDS+WiFi)': [ee:56:8c:d4:ce:5a] (Total: 1)
------------------------------------------------------
INFO: Iniciando executar_calculo_uptime_geral...
DEBUG: Lista de MACs 'MACs Únicos para Relatório': [ee:56:8c:d4:ce:5a] (Total: 1)
INFO: Processando eventos para MAC: ee:56:8c:d4:ce:5a (Nome: Victor Augusto)
INFO: Escrevendo relatório final em /home/victo/codigo-c/csv/relatorio_usuarios_C.csv
INFO: executar_calculo_uptime_geral concluído.
Processo Completo (execução única) concluído.
Iniciando Processo Completo (Monitoramento e Relatório)...
INFO: Executando monitor_activity_single_run em 2025-05-22 22:43:01
DEBUG: Lista de MACs 'MACs Efetivamente Ativos ANTERIORES': [ee:56:8c:d4:ce:5a] (Total: 1)
DEBUG: Lista de MACs 'MACs Autenticados NDS (Atuais)': [ee:56:8c:d4:ce:5a] (Total: 1)
DEBUG: Lista de MACs 'MACs Associados WiFi (Atuais)': [ee:56:8c:d4:ce:5a] (Total: 1)
DEBUG: Lista de MACs 'MACs Efetivamente Ativos ATUAIS (NDS+WiFi)': [ee:56:8c:d4:ce:5a] (Total: 1)
------------------------------------------------------
INFO: Iniciando executar_calculo_uptime_geral...
DEBUG: Lista de MACs 'MACs Únicos para Relatório': [ee:56:8c:d4:ce:5a] (Total: 1)
INFO: Processando eventos para MAC: ee:56:8c:d4:ce:5a (Nome: Victor Augusto)
INFO: Escrevendo relatório final em /home/victo/codigo-c/csv/relatorio_usuarios_C.csv
INFO: executar_calculo_uptime_geral concluído.
Processo Completo (execução única) concluído.
Iniciando Processo Completo (Monitoramento e Relatório)...
INFO: Executando monitor_activity_single_run em 2025-05-22 22:46:01
DEBUG: Lista de MACs 'MACs Efetivamente Ativos ANTERIORES': [ee:56:8c:d4:ce:5a] (Total: 1)
DEBUG: Lista de MACs 'MACs Autenticados NDS (Atuais)': [VAZIA]
DEBUG: Lista de MACs 'MACs Associados WiFi (Atuais)': [VAZIA]
DEBUG: Lista de MACs 'MACs Efetivamente Ativos ATUAIS (NDS+WiFi)': [VAZIA]
INFO: Evento [DESCONECTADO] para MAC [ee:56:8c:d4:ce:5a] logado em /home/victo/codigo-c/csv/eventos_sessoes_C.csv
------------------------------------------------------
INFO: Iniciando executar_calculo_uptime_geral...
DEBUG: Lista de MACs 'MACs Únicos para Relatório': [ee:56:8c:d4:ce:5a] (Total: 1)
INFO: Processando eventos para MAC: ee:56:8c:d4:ce:5a (Nome: Victor Augusto)
INFO: Escrevendo relatório final em /home/victo/codigo-c/csv/relatorio_usuarios_C.csv
INFO: executar_calculo_uptime_geral concluído.
Processo Completo (execução única) concluído.
Iniciando Processo Completo (Monitoramento e Relatório)...
INFO: Executando monitor_activity_single_run em 2025-05-22 22:44:01
DEBUG: Lista de MACs 'MACs Efetivamente Ativos ANTERIORES': [ee:56:8c:d4:ce:5a] (Total: 1)
DEBUG: Lista de MACs 'MACs Autenticados NDS (Atuais)': [VAZIA]
DEBUG: Lista de MACs 'MACs Associados WiFi (Atuais)': [VAZIA]
DEBUG: Lista de MACs 'MACs Efetivamente Ativos ATUAIS (NDS+WiFi)': [VAZIA]
INFO: Evento [DESCONECTADO] para MAC [ee:56:8c:d4:ce:5a] logado em /home/victo/codigo-c/csv/eventos_sessoes_C.csv
------------------------------------------------------
INFO: Iniciando executar_calculo_uptime_geral...
DEBUG: Lista de MACs 'MACs Únicos para Relatório': [ee:56:8c:d4:ce:5a] (Total: 1)
INFO: Processando eventos para MAC: ee:56:8c:d4:ce:5a (Nome: Victor Augusto)
INFO: Escrevendo relatório final em /home/victo/codigo-c/csv/relatorio_usuarios_C.csv
INFO: executar_calculo_uptime_geral concluído.
Processo Completo (execução única) concluído.
Iniciando Processo Completo (Monitoramento e Relatório)...
INFO: Executando monitor_activity_single_run em 2025-05-22 22:45:01
DEBUG: Lista de MACs 'MACs Efetivamente Ativos ANTERIORES': [ee:56:8c:d4:ce:5a] (Total: 1)
DEBUG: Lista de MACs 'MACs Autenticados NDS (Atuais)': [VAZIA]
DEBUG: Lista de MACs 'MACs Associados WiFi (Atuais)': [VAZIA]
DEBUG: Lista de MACs 'MACs Efetivamente Ativos ATUAIS (NDS+WiFi)': [VAZIA]
INFO: Evento [DESCONECTADO] para MAC [ee:56:8c:d4:ce:5a] logado em /home/victo/codigo-c/csv/eventos_sessoes_C.csv
------------------------------------------------------
INFO: Iniciando executar_calculo_uptime_geral...
DEBUG: Lista de MACs 'MACs Únicos para Relatório': [ee:56:8c:d4:ce:5a] (Total: 1)
INFO: Processando eventos para MAC: ee:56:8c:d4:ce:5a (Nome: Victor Augusto)
INFO: Escrevendo relatório final em /home/victo/codigo-c/csv/relatorio_usuarios_C.csv
INFO: executar_calculo_uptime_geral concluído.
Processo Completo (execução única) concluído.
ERRO: Não foi possível abrir /tmp/nodogsplash_debug/dados_completos.csv para ler dados base dos usuários.
AVISO: Nenhum dado base de usuário carregado. O relatório pode estar vazio ou incompleto.
Iniciando Processo Completo (Monitoramento e Relatório)...
INFO: Executando monitor_activity_single_run em 2025-05-22 22:48:11
DEBUG: Lista de MACs 'MACs Efetivamente Ativos ANTERIORES': [VAZIA]
DEBUG: Lista de MACs 'MACs Autenticados NDS (Atuais)': [VAZIA]
DEBUG: Lista de MACs 'MACs Associados WiFi (Atuais)': [VAZIA]
DEBUG: Lista de MACs 'MACs Efetivamente Ativos ATUAIS (NDS+WiFi)': [VAZIA]
------------------------------------------------------
INFO: Iniciando executar_calculo_uptime_geral...
DEBUG: Lista de MACs 'MACs Únicos para Relatório': [VAZIA]
INFO: Escrevendo relatório final em /home/victo/codigo-c/csv/relatorio_usuarios_C.csv
INFO: executar_calculo_uptime_geral concluído.
Processo Completo (execução única) concluído.
ERRO: Não foi possível abrir /tmp/nodogsplash_debug/dados_completos.csv para ler dados base dos usuários.
AVISO: Nenhum dado base de usuário carregado. O relatório pode estar vazio ou incompleto.
Iniciando Processo Completo (Monitoramento e Relatório)...
INFO: Executando monitor_activity_single_run em 2025-05-22 22:49:01
DEBUG: Lista de MACs 'MACs Efetivamente Ativos ANTERIORES': [VAZIA]
DEBUG: Lista de MACs 'MACs Autenticados NDS (Atuais)': [VAZIA]
DEBUG: Lista de MACs 'MACs Associados WiFi (Atuais)': [VAZIA]
DEBUG: Lista de MACs 'MACs Efetivamente Ativos ATUAIS (NDS+WiFi)': [VAZIA]
------------------------------------------------------
INFO: Iniciando executar_calculo_uptime_geral...
DEBUG: Lista de MACs 'MACs Únicos para Relatório': [VAZIA]
INFO: Escrevendo relatório final em /home/victo/codigo-c/csv/relatorio_usuarios_C.csv
INFO: executar_calculo_uptime_geral concluído.
Processo Completo (execução única) concluído.
ERRO: Não foi possível abrir /tmp/nodogsplash_debug/dados_completos.csv para ler dados base dos usuários.
AVISO: Nenhum dado base de usuário carregado. O relatório pode estar vazio ou incompleto.
Iniciando Processo Completo (Monitoramento e Relatório)...
INFO: Executando monitor_activity_single_run em 2025-05-22 22:50:01
DEBUG: Lista de MACs 'MACs Efetivamente Ativos ANTERIORES': [VAZIA]
DEBUG: Lista de MACs 'MACs Autenticados NDS (Atuais)': [VAZIA]
DEBUG: Lista de MACs 'MACs Associados WiFi (Atuais)': [VAZIA]
DEBUG: Lista de MACs 'MACs Efetivamente Ativos ATUAIS (NDS+WiFi)': [VAZIA]
------------------------------------------------------
INFO: Iniciando executar_calculo_uptime_geral...
DEBUG: Lista de MACs 'MACs Únicos para Relatório': [VAZIA]
INFO: Escrevendo relatório final em /home/victo/codigo-c/csv/relatorio_usuarios_C.csv
INFO: executar_calculo_uptime_geral concluído.
Processo Completo (execução única) concluído.
ERRO: Não foi possível abrir /tmp/nodogsplash_debug/dados_completos.csv para ler dados base dos usuários.
AVISO: Nenhum dado base de usuário carregado. O relatório pode estar vazio ou incompleto.
Iniciando Processo Completo (Monitoramento e Relatório)...
INFO: Executando monitor_activity_single_run em 2025-05-22 22:51:01
DEBUG: Lista de MACs 'MACs Efetivamente Ativos ANTERIORES': [VAZIA]
DEBUG: Lista de MACs 'MACs Autenticados NDS (Atuais)': [VAZIA]
DEBUG: Lista de MACs 'MACs Associados WiFi (Atuais)': [VAZIA]
DEBUG: Lista de MACs 'MACs Efetivamente Ativos ATUAIS (NDS+WiFi)': [VAZIA]
------------------------------------------------------
INFO: Iniciando executar_calculo_uptime_geral...
DEBUG: Lista de MACs 'MACs Únicos para Relatório': [VAZIA]
INFO: Escrevendo relatório final em /home/victo/codigo-c/csv/relatorio_usuarios_C.csv
INFO: executar_calculo_uptime_geral concluído.
Processo Completo (execução única) concluído.
ERRO: Não foi possível abrir /tmp/nodogsplash_debug/dados_completos.csv para ler dados base dos usuários.
AVISO: Nenhum dado base de usuário carregado. O relatório pode estar vazio ou incompleto.
Iniciando Processo Completo (Monitoramento e Relatório)...
INFO: Executando monitor_activity_single_run em 2025-05-22 22:52:01
DEBUG: Lista de MACs 'MACs Efetivamente Ativos ANTERIORES': [VAZIA]
DEBUG: Lista de MACs 'MACs Autenticados NDS (Atuais)': [VAZIA]
DEBUG: Lista de MACs 'MACs Associados WiFi (Atuais)': [VAZIA]
DEBUG: Lista de MACs 'MACs Efetivamente Ativos ATUAIS (NDS+WiFi)': [VAZIA]
------------------------------------------------------
INFO: Iniciando executar_calculo_uptime_geral...
DEBUG: Lista de MACs 'MACs Únicos para Relatório': [VAZIA]
INFO: Escrevendo relatório final em /home/victo/codigo-c/csv/relatorio_usuarios_C.csv
INFO: executar_calculo_uptime_geral concluído.
Processo Completo (execução única) concluído.
ERRO: Não foi possível abrir /tmp/nodogsplash_debug/dados_completos.csv para ler dados base dos usuários.
AVISO: Nenhum dado base de usuário carregado. O relatório pode estar vazio ou incompleto.
ERRO: Não foi possível abrir /tmp/nodogsplash_debug/dados_completos.csv para ler dados base dos usuários.
AVISO: Nenhum dado base de usuário carregado. O relatório pode estar vazio ou incompleto.
ERRO: Não foi possível abrir /tmp/nodogsplash_debug/dados_completos.csv para ler dados base dos usuários.
AVISO: Nenhum dado base de usuário carregado. O relatório pode estar vazio ou incompleto.
ndsctl: nodogsplash probably not started (Error: Connection refused)
ERRO: Não foi possível abrir /tmp/nodogsplash_debug/dados_completos.csv para ler dados base dos usuários.
AVISO: Nenhum dado base de usuário carregado. O relatório pode estar vazio ou incompleto.
ndsctl: nodogsplash probably not started (Error: Connection refused)
ERRO: Não foi possível abrir /tmp/nodogsplash_debug/dados_completos.csv para ler dados base dos usuários.
AVISO: Nenhum dado base de usuário carregado. O relatório pode estar vazio ou incompleto.
ERRO: Não foi possível abrir /tmp/nodogsplash_debug/dados_completos.csv para ler dados base dos usuários.
AVISO: Nenhum dado base de usuário carregado. O relatório pode estar vazio ou incompleto.
ERRO: Não foi possível abrir /tmp/nodogsplash_debug/dados_completos.csv para ler dados base dos usuários.
AVISO: Nenhum dado base de usuário carregado. O relatório pode estar vazio ou incompleto.
ERRO: Não foi possível abrir /tmp/nodogsplash_debug/dados_completos.csv para ler dados base dos usuários.
AVISO: Nenhum dado base de usuário carregado. O relatório pode estar vazio ou incompleto.
ERRO: Não foi possível abrir /tmp/nodogsplash_debug/dados_completos.csv para ler dados base dos usuários.
AVISO: Nenhum dado base de usuário carregado. O relatório pode estar vazio ou incompleto.
ERRO: Não foi possível abrir /tmp/nodogsplash_debug/dados_completos.csv para ler dados base dos usuários.
AVISO: Nenhum dado base de usuário carregado. O relatório pode estar vazio ou incompleto.
ERRO: Não foi possível abrir /tmp/nodogsplash_debug/dados_completos.csv para ler dados base dos usuários.
AVISO: Nenhum dado base de usuário carregado. O relatório pode estar vazio ou incompleto.
ERRO: Não foi possível abrir /tmp/nodogsplash_debug/dados_completos.csv para ler dados base dos usuários.
AVISO: Nenhum dado base de usuário carregado. O relatório pode estar vazio ou incompleto.
ERRO: Não foi possível abrir /tmp/nodogsplash_debug/dados_completos.csv para ler dados base dos usuários.
AVISO: Nenhum dado base de usuário carregado. O relatório pode estar vazio ou incompleto.
ERRO: Não foi possível abrir /tmp/nodogsplash_debug/dados_completos.csv para ler dados base dos usuários.
AVISO: Nenhum dado base de usuário carregado. O relatório pode estar vazio ou incompleto.
ERRO: Não foi possível abrir /tmp/nodogsplash_debug/dados_completos.csv para ler dados base dos usuários.
AVISO: Nenhum dado base de usuário carregado. O relatório pode estar vazio ou incompleto.
ERRO: Não foi possível abrir /tmp/nodogsplash_debug/dados_completos.csv para ler dados base dos usuários.
AVISO: Nenhum dado base de usuário carregado. O relatório pode estar vazio ou incompleto.
ERRO: Não foi possível abrir /tmp/nodogsplash_debug/dados_completos.csv para ler dados base dos usuários.
AVISO: Nenhum dado base de usuário carregado. O relatório pode estar vazio ou incompleto.
ERRO: Não foi possível abrir /tmp/nodogsplash_debug/dados_completos.csv para ler dados base dos usuários.
AVISO: Nenhum dado base de usuário carregado. O relatório pode estar vazio ou incompleto.
ERRO: Não foi possível abrir /tmp/nodogsplash_debug/dados_completos.csv para ler dados base dos usuários.
AVISO: Nenhum dado base de usuário carregado. O relatório pode estar vazio ou incompleto.
ERRO: Não foi possível abrir /tmp/nodogsplash_debug/dados_completos.csv para ler dados base dos usuários.
AVISO: Nenhum dado base de usuário carregado. O relatório pode estar vazio ou incompleto.
Iniciando Servico C de Monitoramento e Relatório Nodogsplash...

[2025-05-22 22:56:12] --- Iniciando ciclo de execução ---
INFO: Executando monitor_activity_single_run em 2025-05-22 22:56:12
DEBUG: Lista de MACs 'MACs Efetivamente Ativos ANTERIORES': [VAZIA]
DEBUG: Lista de MACs 'MACs Autenticados NDS (Atuais)': [VAZIA]
DEBUG: Lista de MACs 'MACs Associados WiFi (Atuais)': [VAZIA]
DEBUG: Lista de MACs 'MACs Efetivamente Ativos ATUAIS (NDS+WiFi)': [VAZIA]
------------------------------------------------------
INFO: Iniciando executar_calculo_uptime_geral...
DEBUG: Lista de MACs 'MACs Únicos para Relatório': [VAZIA]
INFO: Escrevendo relatório final em /home/victo/codigo-c/csv/relatorio_usuarios_C.csv
INFO: executar_calculo_uptime_geral concluído.
------------------------------------------------------
[2025-05-22 22:56:12] --- Ciclo de execução concluído. Aguardando 60 segundos... ---

[2025-05-22 22:57:12] --- Iniciando ciclo de execução ---
INFO: Executando monitor_activity_single_run em 2025-05-22 22:57:12
DEBUG: Lista de MACs 'MACs Efetivamente Ativos ANTERIORES': [VAZIA]
DEBUG: Lista de MACs 'MACs Autenticados NDS (Atuais)': [VAZIA]
DEBUG: Lista de MACs 'MACs Associados WiFi (Atuais)': [VAZIA]
DEBUG: Lista de MACs 'MACs Efetivamente Ativos ATUAIS (NDS+WiFi)': [VAZIA]
------------------------------------------------------
INFO: Iniciando executar_calculo_uptime_geral...
DEBUG: Lista de MACs 'MACs Únicos para Relatório': [VAZIA]
INFO: Escrevendo relatório final em /home/victo/codigo-c/csv/relatorio_usuarios_C.csv
INFO: executar_calculo_uptime_geral concluído.
------------------------------------------------------
[2025-05-22 22:57:12] --- Ciclo de execução concluído. Aguardando 60 segundos... ---

[2025-05-22 22:58:12] --- Iniciando ciclo de execução ---
INFO: Executando monitor_activity_single_run em 2025-05-22 22:58:12
DEBUG: Lista de MACs 'MACs Efetivamente Ativos ANTERIORES': [VAZIA]
DEBUG: Lista de MACs 'MACs Autenticados NDS (Atuais)': [VAZIA]
DEBUG: Lista de MACs 'MACs Associados WiFi (Atuais)': [VAZIA]
DEBUG: Lista de MACs 'MACs Efetivamente Ativos ATUAIS (NDS+WiFi)': [VAZIA]
------------------------------------------------------
INFO: Iniciando executar_calculo_uptime_geral...
DEBUG: Lista de MACs 'MACs Únicos para Relatório': [VAZIA]
INFO: Escrevendo relatório final em /home/victo/codigo-c/csv/relatorio_usuarios_C.csv
INFO: executar_calculo_uptime_geral concluído.
------------------------------------------------------
[2025-05-22 22:58:16] --- Ciclo de execução concluído. Aguardando 60 segundos... ---

[2025-05-22 22:59:16] --- Iniciando ciclo de execução ---
INFO: Executando monitor_activity_single_run em 2025-05-22 22:59:16
DEBUG: Lista de MACs 'MACs Efetivamente Ativos ANTERIORES': [VAZIA]
DEBUG: Lista de MACs 'MACs Autenticados NDS (Atuais)': [VAZIA]
DEBUG: Lista de MACs 'MACs Associados WiFi (Atuais)': [VAZIA]
DEBUG: Lista de MACs 'MACs Efetivamente Ativos ATUAIS (NDS+WiFi)': [VAZIA]
------------------------------------------------------
INFO: Iniciando executar_calculo_uptime_geral...
DEBUG: Lista de MACs 'MACs Únicos para Relatório': [VAZIA]
INFO: Escrevendo relatório final em /home/victo/codigo-c/csv/relatorio_usuarios_C.csv
INFO: executar_calculo_uptime_geral concluído.
------------------------------------------------------
[2025-05-22 22:59:16] --- Ciclo de execução concluído. Aguardando 60 segundos... ---

[2025-05-22 23:00:16] --- Iniciando ciclo de execução ---
INFO: Executando monitor_activity_single_run em 2025-05-22 23:00:16
DEBUG: Lista de MACs 'MACs Efetivamente Ativos ANTERIORES': [VAZIA]
DEBUG: Lista de MACs 'MACs Autenticados NDS (Atuais)': [VAZIA]
DEBUG: Lista de MACs 'MACs Associados WiFi (Atuais)': [VAZIA]
DEBUG: Lista de MACs 'MACs Efetivamente Ativos ATUAIS (NDS+WiFi)': [VAZIA]
------------------------------------------------------
INFO: Iniciando executar_calculo_uptime_geral...
DEBUG: Lista de MACs 'MACs Únicos para Relatório': [VAZIA]
INFO: Escrevendo relatório final em /home/victo/codigo-c/csv/relatorio_usuarios_C.csv
INFO: executar_calculoERRO: Não foi possível abrir /tmp/nodogsplash_debug/dados_completos.csv para ler dados base dos usuários.
AVISO: Nenhum dado base de usuário carregado. O relatório pode estar vazio ou incompleto.
ERRO: Não foi possível abrir /tmp/nodogsplash_debug/dados_completos.csv para ler dados base dos usuários.
AVISO: Nenhum dado base de usuário carregado. O relatório pode estar vazio ou incompleto.
ERRO: Não foi possível abrir /tmp/nodogsplash_debug/dados_completos.csv para ler dados base dos usuários.
AVISO: Nenhum dado base de usuário carregado. O relatório pode estar vazio ou incompleto.
ERRO: Não foi possível abrir /tmp/nodogsplash_debug/dados_completos.csv para ler dados base dos usuários.
AVISO: Nenhum dado base de usuário carregado. O relatório pode estar vazio ou incompleto.
ERRO: Não foi possível abrir /tmp/nodogsplash_debug/dados_completos.csv para ler dados base dos usuários.
AVISO: Nenhum dado base de usuário carregado. O relatório pode estar vazio ou incompleto.
Iniciando Servico C de Monitoramento e Relatório Nodogsplash...

[2025-05-22 22:57:01] --- Iniciando ciclo de execução ---
INFO: Executando monitor_activity_single_run em 2025-05-22 22:57:01
DEBUG: Lista de MACs 'MACs Efetivamente Ativos ANTERIORES': [VAZIA]
DEBUG: Lista de MACs 'MACs Autenticados NDS (Atuais)': [VAZIA]
DEBUG: Lista de MACs 'MACs Associados WiFi (Atuais)': [VAZIA]
DEBUG: Lista de MACs 'MACs Efetivamente Ativos ATUAIS (NDS+WiFi)': [VAZIA]
------------------------------------------------------
INFO: Iniciando executar_calculo_uptime_geral...
DEBUG: Lista de MACs 'MACs Únicos para Relatório': [VAZIA]
INFO: Escrevendo relatório final em /home/victo/codigo-c/csv/relatorio_usuarios_C.csv
INFO: executar_calculo_uptime_geral concluído.
------------------------------------------------------
[2025-05-22 22:57:01] --- Ciclo de execução concluído. Aguardando 60 segundos... ---

[2025-05-22 22:58:01] --- Iniciando ciclo de execução ---
INFO: Executando monitor_activity_single_run em 2025-05-22 22:58:01
DEBUG: Lista de MACs 'MACs Efetivamente Ativos ANTERIORES': [VAZIA]
DEBUG: Lista de MACs 'MACs Autenticados NDS (Atuais)': [VAZIA]
DEBUG: Lista de MACs 'MACs Associados WiFi (Atuais)': [VAZIA]
DEBUG: Lista de MACs 'MACs Efetivamente Ativos ATUAIS (NDS+WiFi)': [VAZIA]
------------------------------------------------------
INFO: Iniciando executar_calculo_uptime_geral...
DEBUG: Lista de MACs 'MACs Únicos para Relatório': [VAZIA]
INFO: Escrevendo relatório final em /home/victo/codigo-c/csv/relatorio_usuarios_C.csv
INFO: executar_calculo_uptime_geral concluído.
------------------------------------------------------
[2025-05-22 22:58:01] --- Ciclo de execução concluído. Aguardando 60 segundos... ---

[2025-05-22 22:59:01] --- Iniciando ciclo de execução ---
INFO: Executando monitor_activity_single_run em 2025-05-22 22:59:01
DEBUG: Lista de MACs 'MACs Efetivamente Ativos ANTERIORES': [VAZIA]
DEBUG: Lista de MACs 'MACs Autenticados NDS (Atuais)': [VAZIA]
DEBUG: Lista de MACs 'MACs Associados WiFi (Atuais)': [VAZIA]
DEBUG: Lista de MACs 'MACs Efetivamente Ativos ATUAIS (NDS+WiFi)': [VAZIA]
------------------------------------------------------
INFO: Iniciando executar_calculo_uptime_geral...
DEBUG: Lista de MACs 'MACs Únicos para Relatório': [VAZIA]
INFO: Escrevendo relatório final em /home/victo/codigo-c/csv/relatorio_usuarios_C.csv
INFO: executar_calculo_uptime_geral concluído.
------------------------------------------------------
[2025-05-22 22:59:01] --- Ciclo de execução concluído. Aguardando 60 segundos... ---

[2025-05-22 23:00:01] --- Iniciando ciclo de execução ---
INFO: Executando monitor_activity_single_run em 2025-05-22 23:00:01
DEBUG: Lista de MACs 'MACs Efetivamente Ativos ANTERIORES': [VAZIA]
DEBUG: Lista de MACs 'MACs Autenticados NDS (Atuais)': [VAZIA]
DEBUG: Lista de MACs 'MACs Associados WiFi (Atuais)': [VAZIA]
DEBUG: Lista de MACs 'MACs Efetivamente Ativos ATUAIS (NDS+WiFi)': [VAZIA]
------------------------------------------------------
INFO: Iniciando executar_calculo_uptime_geral...
DEBUG: Lista de MACs 'MACs Únicos para Relatório': [VAZIA]
INFO: Escrevendo relatório final em /home/victo/codigo-c/csv/relatorio_usuarios_C.csv
INFO: executar_calculo_uptime_geral concluído.
------------------------------------------------------
[2025-05-22 23:00:02] --- Ciclo de execução concluído. Aguardando 60 segundos... ---

[2025-05-22 23:01:02] --- Iniciando ciclo de execução ---
INFO: Executando monitor_activity_single_run em 2025-05-22 23:01:02
DEBUG: Lista de MACs 'MACs Efetivamente Ativos ANTERIORES': [VAZIA]
DEBUG: Lista de MACs 'MACs Autenticados NDS (Atuais)': [VAZIA]
DEBUG: Lista de MACs 'MACs Associados WiFi (Atuais)': [VAZIA]
DEBUG: Lista de MACs 'MACs Efetivamente Ativos ATUAIS (NDS+WiFi)': [VAZIA]
------------------------------------------------------
INFO: Iniciando executar_calculo_uptime_geral...
DEBUG: Lista de MACs 'MACs Únicos para Relatório': [VAZIA]
INFO: Escrevendo relatório final em /home/victo/codigo-c/csv/relatorio_usuarios_C.csv
INFO: executar_calculoERRO: Não foi possível abrir /tmp/nodogsplash_debug/dados_completos.csv para ler dados base dos usuários.
AVISO: Nenhum dado base de usuário carregado. O relatório pode estar vazio ou incompleto.
ERRO: Não foi possível abrir /tmp/nodogsplash_debug/dados_completos.csv para ler dados base dos usuários.
AVISO: Nenhum dado base de usuário carregado. O relatório pode estar vazio ou incompleto.
ERRO: Não foi possível abrir /tmp/nodogsplash_debug/dados_completos.csv para ler dados base dos usuários.
AVISO: Nenhum dado base de usuário carregado. O relatório pode estar vazio ou incompleto.
ERRO: Não foi possível abrir /tmp/nodogsplash_debug/dados_completos.csv para ler dados base dos usuários.
AVISO: Nenhum dado base de usuário carregado. O relatório pode estar vazio ou incompleto.
ERRO: Não foi possível abrir /tmp/nodogsplash_debug/dados_completos.csv para ler dados base dos usuários.
AVISO: Nenhum dado base de usuário carregado. O relatório pode estar vazio ou incompleto.
ERRO: Não foi possível abrir /tmp/nodogsplash_debug/dados_completos.csv para ler dados base dos usuários.
AVISO: Nenhum dado base de usuário carregado. O relatório pode estar vazio ou incompleto.
Iniciando Servico C de Monitoramento e Relatório Nodogsplash...

[2025-05-22 22:58:01] --- Iniciando ciclo de execução ---
INFO: Executando monitor_activity_single_run em 2025-05-22 22:58:01
DEBUG: Lista de MACs 'MACs Efetivamente Ativos ANTERIORES': [VAZIA]
DEBUG: Lista de MACs 'MACs Autenticados NDS (Atuais)': [VAZIA]
DEBUG: Lista de MACs 'MACs Associados WiFi (Atuais)': [VAZIA]
DEBUG: Lista de MACs 'MACs Efetivamente Ativos ATUAIS (NDS+WiFi)': [VAZIA]
------------------------------------------------------
INFO: Iniciando executar_calculo_uptime_geral...
DEBUG: Lista de MACs 'MACs Únicos para Relatório': [VAZIA]
INFO: Escrevendo relatório final em /home/victo/codigo-c/csv/relatorio_usuarios_C.csv
INFO: executar_calculo_uptime_geral concluído.
------------------------------------------------------
[2025-05-22 22:58:01] --- Ciclo de execução concluído. Aguardando 60 segundos... ---

[2025-05-22 22:59:01] --- Iniciando ciclo de execução ---
INFO: Executando monitor_activity_single_run em 2025-05-22 22:59:01
DEBUG: Lista de MACs 'MACs Efetivamente Ativos ANTERIORES': [VAZIA]
DEBUG: Lista de MACs 'MACs Autenticados NDS (Atuais)': [VAZIA]
DEBUG: Lista de MACs 'MACs Associados WiFi (Atuais)': [VAZIA]
DEBUG: Lista de MACs 'MACs Efetivamente Ativos ATUAIS (NDS+WiFi)': [VAZIA]
------------------------------------------------------
INFO: Iniciando executar_calculo_uptime_geral...
DEBUG: Lista de MACs 'MACs Únicos para Relatório': [VAZIA]
INFO: Escrevendo relatório final em /home/victo/codigo-c/csv/relatorio_usuarios_C.csv
INFO: executar_calculo_uptime_geral concluído.
------------------------------------------------------
[2025-05-22 22:59:01] --- Ciclo de execução concluído. Aguardando 60 segundos... ---

[2025-05-22 23:00:01] --- Iniciando ciclo de execução ---
INFO: Executando monitor_activity_single_run em 2025-05-22 23:00:01
DEBUG: Lista de MACs 'MACs Efetivamente Ativos ANTERIORES': [VAZIA]
DEBUG: Lista de MACs 'MACs Autenticados NDS (Atuais)': [VAZIA]
DEBUG: Lista de MACs 'MACs Associados WiFi (Atuais)': [VAZIA]
DEBUG: Lista de MACs 'MACs Efetivamente Ativos ATUAIS (NDS+WiFi)': [VAZIA]
------------------------------------------------------
INFO: Iniciando executar_calculo_uptime_geral...
DEBUG: Lista de MACs 'MACs Únicos para Relatório': [VAZIA]
INFO: Escrevendo relatório final em /home/victo/codigo-c/csv/relatorio_usuarios_C.csv
INFO: executar_calculo_uptime_geral concluído.
------------------------------------------------------
[2025-05-22 23:00:02] --- Ciclo de execução concluído. Aguardando 60 segundos... ---

[2025-05-22 23:01:02] --- Iniciando ciclo de execução ---
INFO: Executando monitor_activity_single_run em 2025-05-22 23:01:02
DEBUG: Lista de MACs 'MACs Efetivamente Ativos ANTERIORES': [VAZIA]
DEBUG: Lista de MACs 'MACs Autenticados NDS (Atuais)': [VAZIA]
DEBUG: Lista de MACs 'MACs Associados WiFi (Atuais)': [VAZIA]
DEBUG: Lista de MACs 'MACs Efetivamente Ativos ATUAIS (NDS+WiFi)': [VAZIA]
------------------------------------------------------
INFO: Iniciando executar_calculo_uptime_geral...
DEBUG: Lista de MACs 'MACs Únicos para Relatório': [VAZIA]
INFO: Escrevendo relatório final em /home/victo/codigo-c/csv/relatorio_usuarios_C.csv
INFO: executar_calculo_uptime_geral concluído.
------------------------------------------------------
[2025-05-22 23:01:02] --- Ciclo de execução concluído. Aguardando 60 segundos... ---

[2025-05-22 23:02:02] --- Iniciando ciclo de execução ---
INFO: Executando monitor_activity_single_run em 2025-05-22 23:02:02
DEBUG: Lista de MACs 'MACs Efetivamente Ativos ANTERIORES': [VAZIA]
DEBUG: Lista de MACs 'MACs Autenticados NDS (Atuais)': [VAZIA]
DEBUG: Lista de MACs 'MACs Associados WiFi (Atuais)': [VAZIA]
DEBUG: Lista de MACs 'MACs Efetivamente Ativos ATUAIS (NDS+WiFi)': [VAZIA]
------------------------------------------------------
INFO: Iniciando executar_calculo_uptime_geral...
DEBUG: Lista de MACs 'MACs Únicos para Relatório': [VAZIA]
INFO: Escrevendo relatório final em /home/victo/codigo-c/csv/relatorio_usuarios_C.csv
INFO: executar_calculoERRO: Não foi possível abrir /tmp/nodogsplash_debug/dados_completos.csv para ler dados base dos usuários.
AVISO: Nenhum dado base de usuário carregado. O relatório pode estar vazio ou incompleto.
ERRO: Não foi possível abrir /tmp/nodogsplash_debug/dados_completos.csv para ler dados base dos usuários.
AVISO: Nenhum dado base de usuário carregado. O relatório pode estar vazio ou incompleto.
ERRO: Não foi possível abrir /tmp/nodogsplash_debug/dados_completos.csv para ler dados base dos usuários.
AVISO: Nenhum dado base de usuário carregado. O relatório pode estar vazio ou incompleto.
ERRO: Não foi possível abrir /tmp/nodogsplash_debug/dados_completos.csv para ler dados base dos usuários.
AVISO: Nenhum dado base de usuário carregado. O relatório pode estar vazio ou incompleto.
ERRO: Não foi possível abrir /tmp/nodogsplash_debug/dados_completos.csv para ler dados base dos usuários.
AVISO: Nenhum dado base de usuário carregado. O relatório pode estar vazio ou incompleto.
ERRO: Não foi possível abrir /tmp/nodogsplash_debug/dados_completos.csv para ler dados base dos usuários.
AVISO: Nenhum dado base de usuário carregado. O relatório pode estar vazio ou incompleto.
ERRO: Não foi possível abrir /tmp/nodogsplash_debug/dados_completos.csv para ler dados base dos usuários.
AVISO: Nenhum dado base de usuário carregado. O relatório pode estar vazio ou incompleto.
Iniciando Servico C de Monitoramento e Relatório Nodogsplash...

[2025-05-22 22:59:01] --- Iniciando ciclo de execução ---
INFO: Executando monitor_activity_single_run em 2025-05-22 22:59:01
DEBUG: Lista de MACs 'MACs Efetivamente Ativos ANTERIORES': [VAZIA]
DEBUG: Lista de MACs 'MACs Autenticados NDS (Atuais)': [VAZIA]
DEBUG: Lista de MACs 'MACs Associados WiFi (Atuais)': [VAZIA]
DEBUG: Lista de MACs 'MACs Efetivamente Ativos ATUAIS (NDS+WiFi)': [VAZIA]
------------------------------------------------------
INFO: Iniciando executar_calculo_uptime_geral...
DEBUG: Lista de MACs 'MACs Únicos para Relatório': [VAZIA]
INFO: Escrevendo relatório final em /home/victo/codigo-c/csv/relatorio_usuarios_C.csv
INFO: executar_calculo_uptime_geral concluído.
------------------------------------------------------
[2025-05-22 22:59:01] --- Ciclo de execução concluído. Aguardando 60 segundos... ---

[2025-05-22 23:00:01] --- Iniciando ciclo de execução ---
INFO: Executando monitor_activity_single_run em 2025-05-22 23:00:01
DEBUG: Lista de MACs 'MACs Efetivamente Ativos ANTERIORES': [VAZIA]
DEBUG: Lista de MACs 'MACs Autenticados NDS (Atuais)': [VAZIA]
DEBUG: Lista de MACs 'MACs Associados WiFi (Atuais)': [VAZIA]
DEBUG: Lista de MACs 'MACs Efetivamente Ativos ATUAIS (NDS+WiFi)': [VAZIA]
------------------------------------------------------
INFO: Iniciando executar_calculo_uptime_geral...
DEBUG: Lista de MACs 'MACs Únicos para Relatório': [VAZIA]
INFO: Escrevendo relatório final em /home/victo/codigo-c/csv/relatorio_usuarios_C.csv
INFO: executar_calculo_uptime_geral concluído.
------------------------------------------------------
[2025-05-22 23:00:01] --- Ciclo de execução concluído. Aguardando 60 segundos... ---

[2025-05-22 23:01:01] --- Iniciando ciclo de execução ---
INFO: Executando monitor_activity_single_run em 2025-05-22 23:01:01
DEBUG: Lista de MACs 'MACs Efetivamente Ativos ANTERIORES': [VAZIA]
DEBUG: Lista de MACs 'MACs Autenticados NDS (Atuais)': [VAZIA]
DEBUG: Lista de MACs 'MACs Associados WiFi (Atuais)': [VAZIA]
DEBUG: Lista de MACs 'MACs Efetivamente Ativos ATUAIS (NDS+WiFi)': [VAZIA]
------------------------------------------------------
INFO: Iniciando executar_calculo_uptime_geral...
DEBUG: Lista de MACs 'MACs Únicos para Relatório': [VAZIA]
INFO: Escrevendo relatório final em /home/victo/codigo-c/csv/relatorio_usuarios_C.csv
INFO: executar_calculo_uptime_geral concluído.
------------------------------------------------------
[2025-05-22 23:01:01] --- Ciclo de execução concluído. Aguardando 60 segundos... ---

[2025-05-22 23:02:01] --- Iniciando ciclo de execução ---
INFO: Executando monitor_activity_single_run em 2025-05-22 23:02:01
DEBUG: Lista de MACs 'MACs Efetivamente Ativos ANTERIORES': [VAZIA]
DEBUG: Lista de MACs 'MACs Autenticados NDS (Atuais)': [VAZIA]
DEBUG: Lista de MACs 'MACs Associados WiFi (Atuais)': [VAZIA]
DEBUG: Lista de MACs 'MACs Efetivamente Ativos ATUAIS (NDS+WiFi)': [VAZIA]
------------------------------------------------------
INFO: Iniciando executar_calculo_uptime_geral...
DEBUG: Lista de MACs 'MACs Únicos para Relatório': [VAZIA]
INFO: Escrevendo relatório final em /home/victo/codigo-c/csv/relatorio_usuarios_C.csv
INFO: executar_calculo_uptime_geral concluído.
------------------------------------------------------
[2025-05-22 23:02:02] --- Ciclo de execução concluído. Aguardando 60 segundos... ---

[2025-05-22 23:03:02] --- Iniciando ciclo de execução ---
INFO: Executando monitor_activity_single_run em 2025-05-22 23:03:02
DEBUG: Lista de MACs 'MACs Efetivamente Ativos ANTERIORES': [VAZIA]
DEBUG: Lista de MACs 'MACs Autenticados NDS (Atuais)': [VAZIA]
DEBUG: Lista de MACs 'MACs Associados WiFi (Atuais)': [VAZIA]
DEBUG: Lista de MACs 'MACs Efetivamente Ativos ATUAIS (NDS+WiFi)': [VAZIA]
------------------------------------------------------
INFO: Iniciando executar_calculo_uptime_geral...
DEBUG: Lista de MACs 'MACs Únicos para Relatório': [VAZIA]
INFO: Escrevendo relatório final em /home/victo/codigo-c/csv/relatorio_usuarios_C.csv
INFO: executar_calculoERRO: Não foi possível abrir /tmp/nodogsplash_debug/dados_completos.csv para ler dados base dos usuários.
AVISO: Nenhum dado base de usuário carregado. O relatório pode estar vazio ou incompleto.
ERRO: Não foi possível abrir /tmp/nodogsplash_debug/dados_completos.csv para ler dados base dos usuários.
AVISO: Nenhum dado base de usuário carregado. O relatório pode estar vazio ou incompleto.
ERRO: Não foi possível abrir /tmp/nodogsplash_debug/dados_completos.csv para ler dados base dos usuários.
AVISO: Nenhum dado base de usuário carregado. O relatório pode estar vazio ou incompleto.
ERRO: Não foi possível abrir /tmp/nodogsplash_debug/dados_completos.csv para ler dados base dos usuários.
AVISO: Nenhum dado base de usuário carregado. O relatório pode estar vazio ou incompleto.
ERRO: Não foi possível abrir /tmp/nodogsplash_debug/dados_completos.csv para ler dados base dos usuários.
AVISO: Nenhum dado base de usuário carregado. O relatório pode estar vazio ou incompleto.
ERRO: Não foi possível abrir /tmp/nodogsplash_debug/dados_completos.csv para ler dados base dos usuários.
AVISO: Nenhum dado base de usuário carregado. O relatório pode estar vazio ou incompleto.
ERRO: Não foi possível abrir /tmp/nodogsplash_debug/dados_completos.csv para ler dados base dos usuários.
AVISO: Nenhum dado base de usuário carregado. O relatório pode estar vazio ou incompleto.
ERRO: Não foi possível abrir /tmp/nodogsplash_debug/dados_completos.csv para ler dados base dos usuários.
AVISO: Nenhum dado base de usuário carregado. O relatório pode estar vazio ou incompleto.
Iniciando Servico C de Monitoramento e Relatório Nodogsplash...

[2025-05-22 23:00:01] --- Iniciando ciclo de execução ---
INFO: Executando monitor_activity_single_run em 2025-05-22 23:00:01
DEBUG: Lista de MACs 'MACs Efetivamente Ativos ANTERIORES': [VAZIA]
DEBUG: Lista de MACs 'MACs Autenticados NDS (Atuais)': [VAZIA]
DEBUG: Lista de MACs 'MACs Associados WiFi (Atuais)': [VAZIA]
DEBUG: Lista de MACs 'MACs Efetivamente Ativos ATUAIS (NDS+WiFi)': [VAZIA]
------------------------------------------------------
INFO: Iniciando executar_calculo_uptime_geral...
DEBUG: Lista de MACs 'MACs Únicos para Relatório': [VAZIA]
INFO: Escrevendo relatório final em /home/victo/codigo-c/csv/relatorio_usuarios_C.csv
INFO: executar_calculo_uptime_geral concluído.
------------------------------------------------------
[2025-05-22 23:00:01] --- Ciclo de execução concluído. Aguardando 60 segundos... ---

[2025-05-22 23:01:01] --- Iniciando ciclo de execução ---
INFO: Executando monitor_activity_single_run em 2025-05-22 23:01:01
DEBUG: Lista de MACs 'MACs Efetivamente Ativos ANTERIORES': [VAZIA]
DEBUG: Lista de MACs 'MACs Autenticados NDS (Atuais)': [VAZIA]
DEBUG: Lista de MACs 'MACs Associados WiFi (Atuais)': [VAZIA]
DEBUG: Lista de MACs 'MACs Efetivamente Ativos ATUAIS (NDS+WiFi)': [VAZIA]
------------------------------------------------------
INFO: Iniciando executar_calculo_uptime_geral...
DEBUG: Lista de MACs 'MACs Únicos para Relatório': [VAZIA]
INFO: Escrevendo relatório final em /home/victo/codigo-c/csv/relatorio_usuarios_C.csv
INFO: executar_calculo_uptime_geral concluído.
------------------------------------------------------
[2025-05-22 23:01:01] --- Ciclo de execução concluído. Aguardando 60 segundos... ---

[2025-05-22 23:02:01] --- Iniciando ciclo de execução ---
INFO: Executando monitor_activity_single_run em 2025-05-22 23:02:01
DEBUG: Lista de MACs 'MACs Efetivamente Ativos ANTERIORES': [VAZIA]
DEBUG: Lista de MACs 'MACs Autenticados NDS (Atuais)': [VAZIA]
DEBUG: Lista de MACs 'MACs Associados WiFi (Atuais)': [VAZIA]
DEBUG: Lista de MACs 'MACs Efetivamente Ativos ATUAIS (NDS+WiFi)': [VAZIA]
------------------------------------------------------
INFO: Iniciando executar_calculo_uptime_geral...
DEBUG: Lista de MACs 'MACs Únicos para Relatório': [VAZIA]
INFO: Escrevendo relatório final em /home/victo/codigo-c/csv/relatorio_usuarios_C.csv
INFO: executar_calculo_uptime_geral concluído.
------------------------------------------------------
[2025-05-22 23:02:01] --- Ciclo de execução concluído. Aguardando 60 segundos... ---

[2025-05-22 23:03:01] --- Iniciando ciclo de execução ---
INFO: Executando monitor_activity_single_run em 2025-05-22 23:03:01
DEBUG: Lista de MACs 'MACs Efetivamente Ativos ANTERIORES': [VAZIA]
DEBUG: Lista de MACs 'MACs Autenticados NDS (Atuais)': [VAZIA]
DEBUG: Lista de MACs 'MACs Associados WiFi (Atuais)': [VAZIA]
DEBUG: Lista de MACs 'MACs Efetivamente Ativos ATUAIS (NDS+WiFi)': [VAZIA]
------------------------------------------------------
INFO: Iniciando executar_calculo_uptime_geral...
DEBUG: Lista de MACs 'MACs Únicos para Relatório': [VAZIA]
INFO: Escrevendo relatório final em /home/victo/codigo-c/csv/relatorio_usuarios_C.csv
INFO: executar_calculo_uptime_geral concluído.
------------------------------------------------------
[2025-05-22 23:03:02] --- Ciclo de execução concluído. Aguardando 60 segundos... ---

[2025-05-22 23:04:02] --- Iniciando ciclo de execução ---
INFO: Executando monitor_activity_single_run em 2025-05-22 23:04:02
DEBUG: Lista de MACs 'MACs Efetivamente Ativos ANTERIORES': [VAZIA]
DEBUG: Lista de MACs 'MACs Autenticados NDS (Atuais)': [VAZIA]
DEBUG: Lista de MACs 'MACs Associados WiFi (Atuais)': [VAZIA]
DEBUG: Lista de MACs 'MACs Efetivamente Ativos ATUAIS (NDS+WiFi)': [VAZIA]
------------------------------------------------------
INFO: Iniciando executar_calculo_uptime_geral...
DEBUG: Lista de MACs 'MACs Únicos para Relatório': [VAZIA]
INFO: Escrevendo relatório final em /home/victo/codigo-c/csv/relatorio_usuarios_C.csv
INFO: executar_calculoERRO: Não foi possível abrir /tmp/nodogsplash_debug/dados_completos.csv para ler dados base dos usuários.
AVISO: Nenhum dado base de usuário carregado. O relatório pode estar vazio ou incompleto.
ERRO: Não foi possível abrir /tmp/nodogsplash_debug/dados_completos.csv para ler dados base dos usuários.
AVISO: Nenhum dado base de usuário carregado. O relatório pode estar vazio ou incompleto.
ERRO: Não foi possível abrir /tmp/nodogsplash_debug/dados_completos.csv para ler dados base dos usuários.
AVISO: Nenhum dado base de usuário carregado. O relatório pode estar vazio ou incompleto.
ERRO: Não foi possível abrir /tmp/nodogsplash_debug/dados_completos.csv para ler dados base dos usuários.
AVISO: Nenhum dado base de usuário carregado. O relatório pode estar vazio ou incompleto.
ERRO: Não foi possível abrir /tmp/nodogsplash_debug/dados_completos.csv para ler dados base dos usuários.
AVISO: Nenhum dado base de usuário carregado. O relatório pode estar vazio ou incompleto.
ERRO: Não foi possível abrir /tmp/nodogsplash_debug/dados_completos.csv para ler dados base dos usuários.
AVISO: Nenhum dado base de usuário carregado. O relatório pode estar vazio ou incompleto.
ERRO: Não foi possível abrir /tmp/nodogsplash_debug/dados_completos.csv para ler dados base dos usuários.
AVISO: Nenhum dado base de usuário carregado. O relatório pode estar vazio ou incompleto.
ERRO: Não foi possível abrir /tmp/nodogsplash_debug/dados_completos.csv para ler dados base dos usuários.
AVISO: Nenhum dado base de usuário carregado. O relatório pode estar vazio ou incompleto.
ERRO: Não foi possível abrir /tmp/nodogsplash_debug/dados_completos.csv para ler dados base dos usuários.
AVISO: Nenhum dado base de usuário carregado. O relatório pode estar vazio ou incompleto.
Iniciando Servico C de Monitoramento e Relatório Nodogsplash...

[2025-05-22 23:01:01] --- Iniciando ciclo de execução ---
INFO: Executando monitor_activity_single_run em 2025-05-22 23:01:01
DEBUG: Lista de MACs 'MACs Efetivamente Ativos ANTERIORES': [VAZIA]
DEBUG: Lista de MACs 'MACs Autenticados NDS (Atuais)': [VAZIA]
DEBUG: Lista de MACs 'MACs Associados WiFi (Atuais)': [VAZIA]
DEBUG: Lista de MACs 'MACs Efetivamente Ativos ATUAIS (NDS+WiFi)': [VAZIA]
------------------------------------------------------
INFO: Iniciando executar_calculo_uptime_geral...
DEBUG: Lista de MACs 'MACs Únicos para Relatório': [VAZIA]
INFO: Escrevendo relatório final em /home/victo/codigo-c/csv/relatorio_usuarios_C.csv
INFO: executar_calculo_uptime_geral concluído.
------------------------------------------------------
[2025-05-22 23:01:01] --- Ciclo de execução concluído. Aguardando 60 segundos... ---

[2025-05-22 23:02:01] --- Iniciando ciclo de execução ---
INFO: Executando monitor_activity_single_run em 2025-05-22 23:02:01
DEBUG: Lista de MACs 'MACs Efetivamente Ativos ANTERIORES': [VAZIA]
DEBUG: Lista de MACs 'MACs Autenticados NDS (Atuais)': [VAZIA]
DEBUG: Lista de MACs 'MACs Associados WiFi (Atuais)': [VAZIA]
DEBUG: Lista de MACs 'MACs Efetivamente Ativos ATUAIS (NDS+WiFi)': [VAZIA]
------------------------------------------------------
INFO: Iniciando executar_calculo_uptime_geral...
DEBUG: Lista de MACs 'MACs Únicos para Relatório': [VAZIA]
INFO: Escrevendo relatório final em /home/victo/codigo-c/csv/relatorio_usuarios_C.csv
INFO: executar_calculo_uptime_geral concluído.
------------------------------------------------------
[2025-05-22 23:02:01] --- Ciclo de execução concluído. Aguardando 60 segundos... ---

[2025-05-22 23:03:01] --- Iniciando ciclo de execução ---
INFO: Executando monitor_activity_single_run em 2025-05-22 23:03:01
DEBUG: Lista de MACs 'MACs Efetivamente Ativos ANTERIORES': [VAZIA]
DEBUG: Lista de MACs 'MACs Autenticados NDS (Atuais)': [VAZIA]
DEBUG: Lista de MACs 'MACs Associados WiFi (Atuais)': [VAZIA]
DEBUG: Lista de MACs 'MACs Efetivamente Ativos ATUAIS (NDS+WiFi)': [VAZIA]
------------------------------------------------------
INFO: Iniciando executar_calculo_uptime_geral...
DEBUG: Lista de MACs 'MACs Únicos para Relatório': [VAZIA]
INFO: Escrevendo relatório final em /home/victo/codigo-c/csv/relatorio_usuarios_C.csv
INFO: executar_calculo_uptime_geral concluído.
------------------------------------------------------
[2025-05-22 23:03:02] --- Ciclo de execução concluído. Aguardando 60 segundos... ---

[2025-05-22 23:04:02] --- Iniciando ciclo de execução ---
INFO: Executando monitor_activity_single_run em 2025-05-22 23:04:02
DEBUG: Lista de MACs 'MACs Efetivamente Ativos ANTERIORES': [VAZIA]
DEBUG: Lista de MACs 'MACs Autenticados NDS (Atuais)': [VAZIA]
DEBUG: Lista de MACs 'MACs Associados WiFi (Atuais)': [VAZIA]
DEBUG: Lista de MACs 'MACs Efetivamente Ativos ATUAIS (NDS+WiFi)': [VAZIA]
------------------------------------------------------
INFO: Iniciando executar_calculo_uptime_geral...
DEBUG: Lista de MACs 'MACs Únicos para Relatório': [VAZIA]
INFO: Escrevendo relatório final em /home/victo/codigo-c/csv/relatorio_usuarios_C.csv
INFO: executar_calculo_uptime_geral concluído.
------------------------------------------------------
[2025-05-22 23:04:02] --- Ciclo de execução concluído. Aguardando 60 segundos... ---

[2025-05-22 23:05:02] --- Iniciando ciclo de execução ---
INFO: Executando monitor_activity_single_run em 2025-05-22 23:05:02
DEBUG: Lista de MACs 'MACs Efetivamente Ativos ANTERIORES': [VAZIA]
DEBUG: Lista de MACs 'MACs Autenticados NDS (Atuais)': [VAZIA]
DEBUG: Lista de MACs 'MACs Associados WiFi (Atuais)': [VAZIA]
DEBUG: Lista de MACs 'MACs Efetivamente Ativos ATUAIS (NDS+WiFi)': [VAZIA]
------------------------------------------------------
INFO: Iniciando executar_calculo_uptime_geral...
DEBUG: Lista de MACs 'MACs Únicos para Relatório': [VAZIA]
INFO: Escrevendo relatório final em /home/victo/codigo-c/csv/relatorio_usuarios_C.csv
INFO: executar_calculoERRO: Não foi possível abrir /tmp/nodogsplash_debug/dados_completos.csv para ler dados base dos usuários.
AVISO: Nenhum dado base de usuário carregado. O relatório pode estar vazio ou incompleto.
ERRO: Não foi possível abrir /tmp/nodogsplash_debug/dados_completos.csv para ler dados base dos usuários.
AVISO: Nenhum dado base de usuário carregado. O relatório pode estar vazio ou incompleto.
ERRO: Não foi possível abrir /tmp/nodogsplash_debug/dados_completos.csv para ler dados base dos usuários.
AVISO: Nenhum dado base de usuário carregado. O relatório pode estar vazio ou incompleto.
ERRO: Não foi possível abrir /tmp/nodogsplash_debug/dados_completos.csv para ler dados base dos usuários.
AVISO: Nenhum dado base de usuário carregado. O relatório pode estar vazio ou incompleto.
ERRO: Não foi possível abrir /tmp/nodogsplash_debug/dados_completos.csv para ler dados base dos usuários.
AVISO: Nenhum dado base de usuário carregado. O relatório pode estar vazio ou incompleto.
_uptime_geral concluído.
------------------------------------------------------
[2025-05-22 23:00:16] --- Ciclo de execução concluído. Aguardando 60 segundos... ---

[2025-05-22 23:01:16] --- Iniciando ciclo de execução ---
INFO: Executando monitor_activity_single_run em 2025-05-22 23:01:16
DEBUG: Lista de MACs 'MACs Efetivamente Ativos ANTERIORES': [VAZIA]
DEBUG: Lista de MACs 'MACs Autenticados NDS (Atuais)': [VAZIA]
DEBUG: Lista de MACs 'MACs Associados WiFi (Atuais)': [VAZIA]
DEBUG: Lista de MACs 'MACs Efetivamente Ativos ATUAIS (NDS+WiFi)': [VAZIA]
------------------------------------------------------
INFO: Iniciando executar_calculo_uptime_geral...
DEBUG: Lista de MACs 'MACs Únicos para Relatório': [VAZIA]
INFO: Escrevendo relatório final em /home/victo/codigo-c/csv/relatorio_usuarios_C.csv
INFO: executar_calculo_uptime_geral concluído.
------------------------------------------------------
[2025-05-22 23:01:16] --- Ciclo de execução concluído. Aguardando 60 segundos... ---

[2025-05-22 23:02:16] --- Iniciando ciclo de execução ---
INFO: Executando monitor_activity_single_run em 2025-05-22 23:02:16
DEBUG: Lista de MACs 'MACs Efetivamente Ativos ANTERIORES': [VAZIA]
DEBUG: Lista de MACs 'MACs Autenticados NDS (Atuais)': [VAZIA]
DEBUG: Lista de MACs 'MACs Associados WiFi (Atuais)': [VAZIA]
DEBUG: Lista de MACs 'MACs Efetivamente Ativos ATUAIS (NDS+WiFi)': [VAZIA]
------------------------------------------------------
INFO: Iniciando executar_calculo_uptime_geral...
DEBUG: Lista de MACs 'MACs Únicos para Relatório': [VAZIA]
INFO: Escrevendo relatório final em /home/victo/codigo-c/csv/relatorio_usuarios_C.csv
INFO: executar_calculo_uptime_geral concluído.
------------------------------------------------------
[2025-05-22 23:02:16] --- Ciclo de execução concluído. Aguardando 60 segundos... ---

[2025-05-22 23:03:16] --- Iniciando ciclo de execução ---
INFO: Executando monitor_activity_single_run em 2025-05-22 23:03:16
DEBUG: Lista de MACs 'MACs Efetivamente Ativos ANTERIORES': [VAZIA]
DEBUG: Lista de MACs 'MACs Autenticados NDS (Atuais)': [VAZIA]
DEBUG: Lista de MACs 'MACs Associados WiFi (Atuais)': [VAZIA]
DEBUG: Lista de MACs 'MACs Efetivamente Ativos ATUAIS (NDS+WiFi)': [VAZIA]
------------------------------------------------------
INFO: Iniciando executar_calculo_uptime_geral...
DEBUG: Lista de MACs 'MACs Únicos para Relatório': [VAZIA]
INFO: Escrevendo relatório final em /home/victo/codigo-c/csv/relatorio_usuarios_C.csv
INFO: executar_calculo_uptime_geral concluído.
------------------------------------------------------
[2025-05-22 23:03:16] --- Ciclo de execução concluído. Aguardando 60 segundos... ---

[2025-05-22 23:04:16] --- Iniciando ciclo de execução ---
INFO: Executando monitor_activity_single_run em 2025-05-22 23:04:16
DEBUG: Lista de MACs 'MACs Efetivamente Ativos ANTERIORES': [VAZIA]
DEBUG: Lista de MACs 'MACs Autenticados NDS (Atuais)': [VAZIA]
DEBUG: Lista de MACs 'MACs Associados WiFi (Atuais)': [VAZIA]
DEBUG: Lista de MACs 'MACs Efetivamente Ativos ATUAIS (NDS+WiFi)': [VAZIA]
------------------------------------------------------
INFO: Iniciando executar_calculo_uptime_geral...
DEBUG: Lista de MACs 'MACs Únicos para Relatório': [VAZIA]
INFO: Escrevendo relatório final em /home/victo/codigo-c/csv/relatorio_usuarios_C.csv
INFO: executar_calculo_uptime_geral concluído.
------------------------------------------------------
[2025-05-22 23:04:17] --- Ciclo de execução concluído. Aguardando 60 segundos... ---

[2025-05-22 23:05:17] --- Iniciando ciclo de execução ---
INFO: Executando monitor_activity_single_run em 2025-05-22 23:05:17
DEBUG: Lista de MACs 'MACs Efetivamente Ativos ANTERIORES': [VAZIA]
DEBUG: Lista de MACs 'MACs Autenticados NDS (Atuais)': [VAZIA]
DEBUG: Lista de MACs 'MACs Associados WiFi (Atuais)': [VAZIA]
DEBUG: Lista de MACs 'MACs Efetivamente Ativos ATUAIS (NDS+WiFi)': [VAZIA]
------------------------------------------------------
INFO: Iniciando executar_calculo_uptime_geral...
DEBUG: Lista de MACs 'MACs Únicos para Relatório': [VAZIA]
INFO:ERRO: Não foi possível abrir /tmp/nodogsplash_debug/dados_completos.csv para ler dados base dos usuários.
AVISO: Nenhum dado base de usuário carregado. O relatório pode estar vazio ou incompleto.
ERRO: Não foi possível abrir /tmp/nodogsplash_debug/dados_completos.csv para ler dados base dos usuários.
AVISO: Nenhum dado base de usuário carregado. O relatório pode estar vazio ou incompleto.
ERRO: Não foi possível abrir /tmp/nodogsplash_debug/dados_completos.csv para ler dados base dos usuários.
AVISO: Nenhum dado base de usuário carregado. O relatório pode estar vazio ou incompleto.
ERRO: Não foi possível abrir /tmp/nodogsplash_debug/dados_completos.csv para ler dados base dos usuários.
AVISO: Nenhum dado base de usuário carregado. O relatório pode estar vazio ou incompleto.
ERRO: Não foi possível abrir /tmp/nodogsplash_debug/dados_completos.csv para ler dados base dos usuários.
AVISO: Nenhum dado base de usuário carregado. O relatório pode estar vazio ou incompleto.
Iniciando Servico C de Monitoramento e Relatório Nodogsplash...

[2025-05-22 23:02:01] --- Iniciando ciclo de execução ---
INFO: Executando monitor_activity_single_run em 2025-05-22 23:02:01
DEBUG: Lista de MACs 'MACs Efetivamente Ativos ANTERIORES': [VAZIA]
DEBUG: Lista de MACs 'MACs Autenticados NDS (Atuais)': [VAZIA]
DEBUG: Lista de MACs 'MACs Associados WiFi (Atuais)': [VAZIA]
DEBUG: Lista de MACs 'MACs Efetivamente Ativos ATUAIS (NDS+WiFi)': [VAZIA]
------------------------------------------------------
INFO: Iniciando executar_calculo_uptime_geral...
DEBUG: Lista de MACs 'MACs Únicos para Relatório': [VAZIA]
INFO: Escrevendo relatório final em /home/victo/codigo-c/csv/relatorio_usuarios_C.csv
INFO: executar_calculo_uptime_geral concluído.
------------------------------------------------------
[2025-05-22 23:02:01] --- Ciclo de execução concluído. Aguardando 60 segundos... ---

[2025-05-22 23:03:01] --- Iniciando ciclo de execução ---
INFO: Executando monitor_activity_single_run em 2025-05-22 23:03:01
DEBUG: Lista de MACs 'MACs Efetivamente Ativos ANTERIORES': [VAZIA]
DEBUG: Lista de MACs 'MACs Autenticados NDS (Atuais)': [VAZIA]
DEBUG: Lista de MACs 'MACs Associados WiFi (Atuais)': [VAZIA]
DEBUG: Lista de MACs 'MACs Efetivamente Ativos ATUAIS (NDS+WiFi)': [VAZIA]
------------------------------------------------------
INFO: Iniciando executar_calculo_uptime_geral...
DEBUG: Lista de MACs 'MACs Únicos para Relatório': [VAZIA]
INFO: Escrevendo relatório final em /home/victo/codigo-c/csv/relatorio_usuarios_C.csv
INFO: executar_calculo_uptime_geral concluído.
------------------------------------------------------
[2025-05-22 23:03:01] --- Ciclo de execução concluído. Aguardando 60 segundos... ---

[2025-05-22 23:04:01] --- Iniciando ciclo de execução ---
INFO: Executando monitor_activity_single_run em 2025-05-22 23:04:01
DEBUG: Lista de MACs 'MACs Efetivamente Ativos ANTERIORES': [VAZIA]
DEBUG: Lista de MACs 'MACs Autenticados NDS (Atuais)': [VAZIA]
DEBUG: Lista de MACs 'MACs Associados WiFi (Atuais)': [VAZIA]
DEBUG: Lista de MACs 'MACs Efetivamente Ativos ATUAIS (NDS+WiFi)': [VAZIA]
------------------------------------------------------
INFO: Iniciando executar_calculo_uptime_geral...
DEBUG: Lista de MACs 'MACs Únicos para Relatório': [VAZIA]
INFO: Escrevendo relatório final em /home/victo/codigo-c/csv/relatorio_usuarios_C.csv
INFO: executar_calculo_uptime_geral concluído.
------------------------------------------------------
[2025-05-22 23:04:01] --- Ciclo de execução concluído. Aguardando 60 segundos... ---

[2025-05-22 23:05:01] --- Iniciando ciclo de execução ---
INFO: Executando monitor_activity_single_run em 2025-05-22 23:05:01
DEBUG: Lista de MACs 'MACs Efetivamente Ativos ANTERIORES': [VAZIA]
DEBUG: Lista de MACs 'MACs Autenticados NDS (Atuais)': [VAZIA]
DEBUG: Lista de MACs 'MACs Associados WiFi (Atuais)': [VAZIA]
DEBUG: Lista de MACs 'MACs Efetivamente Ativos ATUAIS (NDS+WiFi)': [VAZIA]
------------------------------------------------------
INFO: Iniciando executar_calculo_uptime_geral...
DEBUG: Lista de MACs 'MACs Únicos para Relatório': [VAZIA]
INFO: Escrevendo relatório final em /home/victo/codigo-c/csv/relatorio_usuarios_C.csv
INFO: executar_calculo_uptime_geral concluído.
------------------------------------------------------
[2025-05-22 23:05:02] --- Ciclo de execução concluído. Aguardando 60 segundos... ---

[2025-05-22 23:06:02] --- Iniciando ciclo de execução ---
INFO: Executando monitor_activity_single_run em 2025-05-22 23:06:02
DEBUG: Lista de MACs 'MACs Efetivamente Ativos ANTERIORES': [VAZIA]
DEBUG: Lista de MACs 'MACs Autenticados NDS (Atuais)': [VAZIA]
DEBUG: Lista de MACs 'MACs Associados WiFi (Atuais)': [VAZIA]
DEBUG: Lista de MACs 'MACs Efetivamente Ativos ATUAIS (NDS+WiFi)': [VAZIA]
------------------------------------------------------
INFO: Iniciando executar_calculo_uptime_geral...
DEBUG: Lista de MACs 'MACs Únicos para Relatório': [VAZIA]
INFO: Escrevendo relatório final em /home/victo/codigo-c/csv/relatorio_usuarios_C.csv
INFO: executar_calculoERRO: Não foi possível abrir /tmp/nodogsplash_debug/dados_completos.csv para ler dados base dos usuários.
AVISO: Nenhum dado base de usuário carregado. O relatório pode estar vazio ou incompleto.
ERRO: Não foi possível abrir /tmp/nodogsplash_debug/dados_completos.csv para ler dados base dos usuários.
AVISO: Nenhum dado base de usuário carregado. O relatório pode estar vazio ou incompleto.
ERRO: Não foi possível abrir /tmp/nodogsplash_debug/dados_completos.csv para ler dados base dos usuários.
AVISO: Nenhum dado base de usuário carregado. O relatório pode estar vazio ou incompleto.
ERRO: Não foi possível abrir /tmp/nodogsplash_debug/dados_completos.csv para ler dados base dos usuários.
AVISO: Nenhum dado base de usuário carregado. O relatório pode estar vazio ou incompleto.
ERRO: Não foi possível abrir /tmp/nodogsplash_debug/dados_completos.csv para ler dados base dos usuários.
AVISO: Nenhum dado base de usuário carregado. O relatório pode estar vazio ou incompleto.
_uptime_geral concluído.
------------------------------------------------------
[2025-05-22 23:01:02] --- Ciclo de execução concluído. Aguardando 60 segundos... ---

[2025-05-22 23:02:02] --- Iniciando ciclo de execução ---
INFO: Executando monitor_activity_single_run em 2025-05-22 23:02:02
DEBUG: Lista de MACs 'MACs Efetivamente Ativos ANTERIORES': [VAZIA]
DEBUG: Lista de MACs 'MACs Autenticados NDS (Atuais)': [VAZIA]
DEBUG: Lista de MACs 'MACs Associados WiFi (Atuais)': [VAZIA]
DEBUG: Lista de MACs 'MACs Efetivamente Ativos ATUAIS (NDS+WiFi)': [VAZIA]
------------------------------------------------------
INFO: Iniciando executar_calculo_uptime_geral...
DEBUG: Lista de MACs 'MACs Únicos para Relatório': [VAZIA]
INFO: Escrevendo relatório final em /home/victo/codigo-c/csv/relatorio_usuarios_C.csv
INFO: executar_calculo_uptime_geral concluído.
------------------------------------------------------
[2025-05-22 23:02:02] --- Ciclo de execução concluído. Aguardando 60 segundos... ---

[2025-05-22 23:03:02] --- Iniciando ciclo de execução ---
INFO: Executando monitor_activity_single_run em 2025-05-22 23:03:02
DEBUG: Lista de MACs 'MACs Efetivamente Ativos ANTERIORES': [VAZIA]
DEBUG: Lista de MACs 'MACs Autenticados NDS (Atuais)': [VAZIA]
DEBUG: Lista de MACs 'MACs Associados WiFi (Atuais)': [VAZIA]
DEBUG: Lista de MACs 'MACs Efetivamente Ativos ATUAIS (NDS+WiFi)': [VAZIA]
------------------------------------------------------
INFO: Iniciando executar_calculo_uptime_geral...
DEBUG: Lista de MACs 'MACs Únicos para Relatório': [VAZIA]
INFO: Escrevendo relatório final em /home/victo/codigo-c/csv/relatorio_usuarios_C.csv
INFO: executar_calculo_uptime_geral concluído.
------------------------------------------------------
[2025-05-22 23:03:02] --- Ciclo de execução concluído. Aguardando 60 segundos... ---

[2025-05-22 23:04:02] --- Iniciando ciclo de execução ---
INFO: Executando monitor_activity_single_run em 2025-05-22 23:04:02
DEBUG: Lista de MACs 'MACs Efetivamente Ativos ANTERIORES': [VAZIA]
DEBUG: Lista de MACs 'MACs Autenticados NDS (Atuais)': [VAZIA]
DEBUG: Lista de MACs 'MACs Associados WiFi (Atuais)': [VAZIA]
DEBUG: Lista de MACs 'MACs Efetivamente Ativos ATUAIS (NDS+WiFi)': [VAZIA]
------------------------------------------------------
INFO: Iniciando executar_calculo_uptime_geral...
DEBUG: Lista de MACs 'MACs Únicos para Relatório': [VAZIA]
INFO: Escrevendo relatório final em /home/victo/codigo-c/csv/relatorio_usuarios_C.csv
INFO: executar_calculo_uptime_geral concluído.
------------------------------------------------------
[2025-05-22 23:04:02] --- Ciclo de execução concluído. Aguardando 60 segundos... ---

[2025-05-22 23:05:02] --- Iniciando ciclo de execução ---
INFO: Executando monitor_activity_single_run em 2025-05-22 23:05:02
DEBUG: Lista de MACs 'MACs Efetivamente Ativos ANTERIORES': [VAZIA]
DEBUG: Lista de MACs 'MACs Autenticados NDS (Atuais)': [VAZIA]
DEBUG: Lista de MACs 'MACs Associados WiFi (Atuais)': [VAZIA]
DEBUG: Lista de MACs 'MACs Efetivamente Ativos ATUAIS (NDS+WiFi)': [VAZIA]
------------------------------------------------------
INFO: Iniciando executar_calculo_uptime_geral...
DEBUG: Lista de MACs 'MACs Únicos para Relatório': [VAZIA]
INFO: Escrevendo relatório final em /home/victo/codigo-c/csv/relatorio_usuarios_C.csv
INFO: executar_calculo_uptime_geral concluído.
------------------------------------------------------
[2025-05-22 23:05:02] --- Ciclo de execução concluído. Aguardando 60 segundos... ---

[2025-05-22 23:06:02] --- Iniciando ciclo de execução ---
INFO: Executando monitor_activity_single_run em 2025-05-22 23:06:02
DEBUG: Lista de MACs 'MACs Efetivamente Ativos ANTERIORES': [VAZIA]
DEBUG: Lista de MACs 'MACs Autenticados NDS (Atuais)': [VAZIA]
DEBUG: Lista de MACs 'MACs Associados WiFi (Atuais)': [VAZIA]
DEBUG: Lista de MACs 'MACs Efetivamente Ativos ATUAIS (NDS+WiFi)': [VAZIA]
------------------------------------------------------
INFO: Iniciando executar_calculo_uptime_geral...
DEBUG: Lista de MACs 'MACs Únicos para Relatório': [VAZIA]
INFO:ERRO: Não foi possível abrir /tmp/nodogsplash_debug/dados_completos.csv para ler dados base dos usuários.
AVISO: Nenhum dado base de usuário carregado. O relatório pode estar vazio ou incompleto.
ERRO: Não foi possível abrir /tmp/nodogsplash_debug/dados_completos.csv para ler dados base dos usuários.
AVISO: Nenhum dado base de usuário carregado. O relatório pode estar vazio ou incompleto.
ERRO: Não foi possível abrir /tmp/nodogsplash_debug/dados_completos.csv para ler dados base dos usuários.
AVISO: Nenhum dado base de usuário carregado. O relatório pode estar vazio ou incompleto.
ERRO: Não foi possível abrir /tmp/nodogsplash_debug/dados_completos.csv para ler dados base dos usuários.
AVISO: Nenhum dado base de usuário carregado. O relatório pode estar vazio ou incompleto.
ERRO: Não foi possível abrir /tmp/nodogsplash_debug/dados_completos.csv para ler dados base dos usuários.
AVISO: Nenhum dado base de usuário carregado. O relatório pode estar vazio ou incompleto.
ERRO: Não foi possível abrir /tmp/nodogsplash_debug/dados_completos.csv para ler dados base dos usuários.
AVISO: Nenhum dado base de usuário carregado. O relatório pode estar vazio ou incompleto.
Iniciando Servico C de Monitoramento e Relatório Nodogsplash...

[2025-05-22 23:03:01] --- Iniciando ciclo de execução ---
INFO: Executando monitor_activity_single_run em 2025-05-22 23:03:01
DEBUG: Lista de MACs 'MACs Efetivamente Ativos ANTERIORES': [VAZIA]
DEBUG: Lista de MACs 'MACs Autenticados NDS (Atuais)': [VAZIA]
DEBUG: Lista de MACs 'MACs Associados WiFi (Atuais)': [VAZIA]
DEBUG: Lista de MACs 'MACs Efetivamente Ativos ATUAIS (NDS+WiFi)': [VAZIA]
------------------------------------------------------
INFO: Iniciando executar_calculo_uptime_geral...
DEBUG: Lista de MACs 'MACs Únicos para Relatório': [VAZIA]
INFO: Escrevendo relatório final em /home/victo/codigo-c/csv/relatorio_usuarios_C.csv
INFO: executar_calculo_uptime_geral concluído.
------------------------------------------------------
[2025-05-22 23:03:01] --- Ciclo de execução concluído. Aguardando 60 segundos... ---

[2025-05-22 23:04:01] --- Iniciando ciclo de execução ---
INFO: Executando monitor_activity_single_run em 2025-05-22 23:04:01
DEBUG: Lista de MACs 'MACs Efetivamente Ativos ANTERIORES': [VAZIA]
DEBUG: Lista de MACs 'MACs Autenticados NDS (Atuais)': [VAZIA]
DEBUG: Lista de MACs 'MACs Associados WiFi (Atuais)': [VAZIA]
DEBUG: Lista de MACs 'MACs Efetivamente Ativos ATUAIS (NDS+WiFi)': [VAZIA]
------------------------------------------------------
INFO: Iniciando executar_calculo_uptime_geral...
DEBUG: Lista de MACs 'MACs Únicos para Relatório': [VAZIA]
INFO: Escrevendo relatório final em /home/victo/codigo-c/csv/relatorio_usuarios_C.csv
INFO: executar_calculo_uptime_geral concluído.
------------------------------------------------------
[2025-05-22 23:04:01] --- Ciclo de execução concluído. Aguardando 60 segundos... ---

[2025-05-22 23:05:01] --- Iniciando ciclo de execução ---
INFO: Executando monitor_activity_single_run em 2025-05-22 23:05:01
DEBUG: Lista de MACs 'MACs Efetivamente Ativos ANTERIORES': [VAZIA]
DEBUG: Lista de MACs 'MACs Autenticados NDS (Atuais)': [VAZIA]
DEBUG: Lista de MACs 'MACs Associados WiFi (Atuais)': [VAZIA]
DEBUG: Lista de MACs 'MACs Efetivamente Ativos ATUAIS (NDS+WiFi)': [VAZIA]
------------------------------------------------------
INFO: Iniciando executar_calculo_uptime_geral...
DEBUG: Lista de MACs 'MACs Únicos para Relatório': [VAZIA]
INFO: Escrevendo relatório final em /home/victo/codigo-c/csv/relatorio_usuarios_C.csv
INFO: executar_calculo_uptime_geral concluído.
------------------------------------------------------
[2025-05-22 23:05:01] --- Ciclo de execução concluído. Aguardando 60 segundos... ---

[2025-05-22 23:06:01] --- Iniciando ciclo de execução ---
INFO: Executando monitor_activity_single_run em 2025-05-22 23:06:01
DEBUG: Lista de MACs 'MACs Efetivamente Ativos ANTERIORES': [VAZIA]
DEBUG: Lista de MACs 'MACs Autenticados NDS (Atuais)': [VAZIA]
DEBUG: Lista de MACs 'MACs Associados WiFi (Atuais)': [VAZIA]
DEBUG: Lista de MACs 'MACs Efetivamente Ativos ATUAIS (NDS+WiFi)': [VAZIA]
------------------------------------------------------
INFO: Iniciando executar_calculo_uptime_geral...
DEBUG: Lista de MACs 'MACs Únicos para Relatório': [VAZIA]
INFO: Escrevendo relatório final em /home/victo/codigo-c/csv/relatorio_usuarios_C.csv
INFO: executar_calculo_uptime_geral concluído.
------------------------------------------------------
[2025-05-22 23:06:02] --- Ciclo de execução concluído. Aguardando 60 segundos... ---

[2025-05-22 23:07:02] --- Iniciando ciclo de execução ---
INFO: Executando monitor_activity_single_run em 2025-05-22 23:07:02
DEBUG: Lista de MACs 'MACs Efetivamente Ativos ANTERIORES': [VAZIA]
DEBUG: Lista de MACs 'MACs Autenticados NDS (Atuais)': [VAZIA]
DEBUG: Lista de MACs 'MACs Associados WiFi (Atuais)': [VAZIA]
DEBUG: Lista de MACs 'MACs Efetivamente Ativos ATUAIS (NDS+WiFi)': [VAZIA]
------------------------------------------------------
INFO: Iniciando executar_calculo_uptime_geral...
DEBUG: Lista de MACs 'MACs Únicos para Relatório': [VAZIA]
INFO: Escrevendo relatório final em /home/victo/codigo-c/csv/relatorio_usuarios_C.csv
INFO: executar_calculoERRO: Não foi possível abrir /tmp/nodogsplash_debug/dados_completos.csv para ler dados base dos usuários.
AVISO: Nenhum dado base de usuário carregado. O relatório pode estar vazio ou incompleto.
ERRO: Não foi possível abrir /tmp/nodogsplash_debug/dados_completos.csv para ler dados base dos usuários.
AVISO: Nenhum dado base de usuário carregado. O relatório pode estar vazio ou incompleto.
ERRO: Não foi possível abrir /tmp/nodogsplash_debug/dados_completos.csv para ler dados base dos usuários.
AVISO: Nenhum dado base de usuário carregado. O relatório pode estar vazio ou incompleto.
ERRO: Não foi possível abrir /tmp/nodogsplash_debug/dados_completos.csv para ler dados base dos usuários.
AVISO: Nenhum dado base de usuário carregado. O relatório pode estar vazio ou incompleto.
ERRO: Não foi possível abrir /tmp/nodogsplash_debug/dados_completos.csv para ler dados base dos usuários.
AVISO: Nenhum dado base de usuário carregado. O relatório pode estar vazio ou incompleto.
_uptime_geral concluído.
------------------------------------------------------
[2025-05-22 23:02:02] --- Ciclo de execução concluído. Aguardando 60 segundos... ---

[2025-05-22 23:03:02] --- Iniciando ciclo de execução ---
INFO: Executando monitor_activity_single_run em 2025-05-22 23:03:02
DEBUG: Lista de MACs 'MACs Efetivamente Ativos ANTERIORES': [VAZIA]
DEBUG: Lista de MACs 'MACs Autenticados NDS (Atuais)': [VAZIA]
DEBUG: Lista de MACs 'MACs Associados WiFi (Atuais)': [VAZIA]
DEBUG: Lista de MACs 'MACs Efetivamente Ativos ATUAIS (NDS+WiFi)': [VAZIA]
------------------------------------------------------
INFO: Iniciando executar_calculo_uptime_geral...
DEBUG: Lista de MACs 'MACs Únicos para Relatório': [VAZIA]
INFO: Escrevendo relatório final em /home/victo/codigo-c/csv/relatorio_usuarios_C.csv
INFO: executar_calculo_uptime_geral concluído.
------------------------------------------------------
[2025-05-22 23:03:02] --- Ciclo de execução concluído. Aguardando 60 segundos... ---

[2025-05-22 23:04:02] --- Iniciando ciclo de execução ---
INFO: Executando monitor_activity_single_run em 2025-05-22 23:04:02
DEBUG: Lista de MACs 'MACs Efetivamente Ativos ANTERIORES': [VAZIA]
DEBUG: Lista de MACs 'MACs Autenticados NDS (Atuais)': [VAZIA]
DEBUG: Lista de MACs 'MACs Associados WiFi (Atuais)': [VAZIA]
DEBUG: Lista de MACs 'MACs Efetivamente Ativos ATUAIS (NDS+WiFi)': [VAZIA]
------------------------------------------------------
INFO: Iniciando executar_calculo_uptime_geral...
DEBUG: Lista de MACs 'MACs Únicos para Relatório': [VAZIA]
INFO: Escrevendo relatório final em /home/victo/codigo-c/csv/relatorio_usuarios_C.csv
INFO: executar_calculo_uptime_geral concluído.
------------------------------------------------------
[2025-05-22 23:04:02] --- Ciclo de execução concluído. Aguardando 60 segundos... ---

[2025-05-22 23:05:02] --- Iniciando ciclo de execução ---
INFO: Executando monitor_activity_single_run em 2025-05-22 23:05:02
DEBUG: Lista de MACs 'MACs Efetivamente Ativos ANTERIORES': [VAZIA]
DEBUG: Lista de MACs 'MACs Autenticados NDS (Atuais)': [VAZIA]
DEBUG: Lista de MACs 'MACs Associados WiFi (Atuais)': [VAZIA]
DEBUG: Lista de MACs 'MACs Efetivamente Ativos ATUAIS (NDS+WiFi)': [VAZIA]
------------------------------------------------------
INFO: Iniciando executar_calculo_uptime_geral...
DEBUG: Lista de MACs 'MACs Únicos para Relatório': [VAZIA]
INFO: Escrevendo relatório final em /home/victo/codigo-c/csv/relatorio_usuarios_C.csv
INFO: executar_calculo_uptime_geral concluído.
------------------------------------------------------
[2025-05-22 23:05:02] --- Ciclo de execução concluído. Aguardando 60 segundos... ---

[2025-05-22 23:06:02] --- Iniciando ciclo de execução ---
INFO: Executando monitor_activity_single_run em 2025-05-22 23:06:02
DEBUG: Lista de MACs 'MACs Efetivamente Ativos ANTERIORES': [VAZIA]
DEBUG: Lista de MACs 'MACs Autenticados NDS (Atuais)': [VAZIA]
DEBUG: Lista de MACs 'MACs Associados WiFi (Atuais)': [VAZIA]
DEBUG: Lista de MACs 'MACs Efetivamente Ativos ATUAIS (NDS+WiFi)': [VAZIA]
------------------------------------------------------
INFO: Iniciando executar_calculo_uptime_geral...
DEBUG: Lista de MACs 'MACs Únicos para Relatório': [VAZIA]
INFO: Escrevendo relatório final em /home/victo/codigo-c/csv/relatorio_usuarios_C.csv
INFO: executar_calculo_uptime_geral concluído.
------------------------------------------------------
[2025-05-22 23:06:02] --- Ciclo de execução concluído. Aguardando 60 segundos... ---

[2025-05-22 23:07:02] --- Iniciando ciclo de execução ---
INFO: Executando monitor_activity_single_run em 2025-05-22 23:07:02
DEBUG: Lista de MACs 'MACs Efetivamente Ativos ANTERIORES': [VAZIA]
DEBUG: Lista de MACs 'MACs Autenticados NDS (Atuais)': [VAZIA]
DEBUG: Lista de MACs 'MACs Associados WiFi (Atuais)': [VAZIA]
DEBUG: Lista de MACs 'MACs Efetivamente Ativos ATUAIS (NDS+WiFi)': [VAZIA]
------------------------------------------------------
INFO: Iniciando executar_calculo_uptime_geral...
DEBUG: Lista de MACs 'MACs Únicos para Relatório': [VAZIA]
INFO:ERRO: Não foi possível abrir /tmp/nodogsplash_debug/dados_completos.csv para ler dados base dos usuários.
AVISO: Nenhum dado base de usuário carregado. O relatório pode estar vazio ou incompleto.
ERRO: Não foi possível abrir /tmp/nodogsplash_debug/dados_completos.csv para ler dados base dos usuários.
AVISO: Nenhum dado base de usuário carregado. O relatório pode estar vazio ou incompleto.
ERRO: Não foi possível abrir /tmp/nodogsplash_debug/dados_completos.csv para ler dados base dos usuários.
AVISO: Nenhum dado base de usuário carregado. O relatório pode estar vazio ou incompleto.
ERRO: Não foi possível abrir /tmp/nodogsplash_debug/dados_completos.csv para ler dados base dos usuários.
AVISO: Nenhum dado base de usuário carregado. O relatório pode estar vazio ou incompleto.
ERRO: Não foi possível abrir /tmp/nodogsplash_debug/dados_completos.csv para ler dados base dos usuários.
AVISO: Nenhum dado base de usuário carregado. O relatório pode estar vazio ou incompleto.
ERRO: Não foi possível abrir /tmp/nodogsplash_debug/dados_completos.csv para ler dados base dos usuários.
AVISO: Nenhum dado base de usuário carregado. O relatório pode estar vazio ou incompleto.
ERRO: Não foi possível abrir /tmp/nodogsplash_debug/dados_completos.csv para ler dados base dos usuários.
AVISO: Nenhum dado base de usuário carregado. O relatório pode estar vazio ou incompleto.
Iniciando Servico C de Monitoramento e Relatório Nodogsplash...

[2025-05-22 23:04:01] --- Iniciando ciclo de execução ---
INFO: Executando monitor_activity_single_run em 2025-05-22 23:04:01
DEBUG: Lista de MACs 'MACs Efetivamente Ativos ANTERIORES': [VAZIA]
DEBUG: Lista de MACs 'MACs Autenticados NDS (Atuais)': [VAZIA]
DEBUG: Lista de MACs 'MACs Associados WiFi (Atuais)': [VAZIA]
DEBUG: Lista de MACs 'MACs Efetivamente Ativos ATUAIS (NDS+WiFi)': [VAZIA]
------------------------------------------------------
INFO: Iniciando executar_calculo_uptime_geral...
DEBUG: Lista de MACs 'MACs Únicos para Relatório': [VAZIA]
INFO: Escrevendo relatório final em /home/victo/codigo-c/csv/relatorio_usuarios_C.csv
INFO: executar_calculo_uptime_geral concluído.
------------------------------------------------------
[2025-05-22 23:04:01] --- Ciclo de execução concluído. Aguardando 60 segundos... ---

[2025-05-22 23:05:01] --- Iniciando ciclo de execução ---
INFO: Executando monitor_activity_single_run em 2025-05-22 23:05:01
DEBUG: Lista de MACs 'MACs Efetivamente Ativos ANTERIORES': [VAZIA]
DEBUG: Lista de MACs 'MACs Autenticados NDS (Atuais)': [VAZIA]
DEBUG: Lista de MACs 'MACs Associados WiFi (Atuais)': [VAZIA]
DEBUG: Lista de MACs 'MACs Efetivamente Ativos ATUAIS (NDS+WiFi)': [VAZIA]
------------------------------------------------------
INFO: Iniciando executar_calculo_uptime_geral...
DEBUG: Lista de MACs 'MACs Únicos para Relatório': [VAZIA]
INFO: Escrevendo relatório final em /home/victo/codigo-c/csv/relatorio_usuarios_C.csv
INFO: executar_calculo_uptime_geral concluído.
------------------------------------------------------
[2025-05-22 23:05:01] --- Ciclo de execução concluído. Aguardando 60 segundos... ---

[2025-05-22 23:06:01] --- Iniciando ciclo de execução ---
INFO: Executando monitor_activity_single_run em 2025-05-22 23:06:01
DEBUG: Lista de MACs 'MACs Efetivamente Ativos ANTERIORES': [VAZIA]
DEBUG: Lista de MACs 'MACs Autenticados NDS (Atuais)': [VAZIA]
DEBUG: Lista de MACs 'MACs Associados WiFi (Atuais)': [VAZIA]
DEBUG: Lista de MACs 'MACs Efetivamente Ativos ATUAIS (NDS+WiFi)': [VAZIA]
------------------------------------------------------
INFO: Iniciando executar_calculo_uptime_geral...
DEBUG: Lista de MACs 'MACs Únicos para Relatório': [VAZIA]
INFO: Escrevendo relatório final em /home/victo/codigo-c/csv/relatorio_usuarios_C.csv
INFO: executar_calculo_uptime_geral concluído.
------------------------------------------------------
[2025-05-22 23:06:02] --- Ciclo de execução concluído. Aguardando 60 segundos... ---

[2025-05-22 23:07:02] --- Iniciando ciclo de execução ---
INFO: Executando monitor_activity_single_run em 2025-05-22 23:07:02
DEBUG: Lista de MACs 'MACs Efetivamente Ativos ANTERIORES': [VAZIA]
DEBUG: Lista de MACs 'MACs Autenticados NDS (Atuais)': [VAZIA]
DEBUG: Lista de MACs 'MACs Associados WiFi (Atuais)': [VAZIA]
DEBUG: Lista de MACs 'MACs Efetivamente Ativos ATUAIS (NDS+WiFi)': [VAZIA]
------------------------------------------------------
INFO: Iniciando executar_calculo_uptime_geral...
DEBUG: Lista de MACs 'MACs Únicos para Relatório': [VAZIA]
INFO: Escrevendo relatório final em /home/victo/codigo-c/csv/relatorio_usuarios_C.csv
INFO: executar_calculo_uptime_geral concluído.
------------------------------------------------------
[2025-05-22 23:07:02] --- Ciclo de execução concluído. Aguardando 60 segundos... ---

[2025-05-22 23:08:02] --- Iniciando ciclo de execução ---
INFO: Executando monitor_activity_single_run em 2025-05-22 23:08:02
DEBUG: Lista de MACs 'MACs Efetivamente Ativos ANTERIORES': [VAZIA]
DEBUG: Lista de MACs 'MACs Autenticados NDS (Atuais)': [VAZIA]
DEBUG: Lista de MACs 'MACs Associados WiFi (Atuais)': [VAZIA]
DEBUG: Lista de MACs 'MACs Efetivamente Ativos ATUAIS (NDS+WiFi)': [VAZIA]
------------------------------------------------------
INFO: Iniciando executar_calculo_uptime_geral...
DEBUG: Lista de MACs 'MACs Únicos para Relatório': [VAZIA]
INFO: Escrevendo relatório final em /home/victo/codigo-c/csv/relatorio_usuarios_C.csv
INFO: executar_calculoERRO: Não foi possível abrir /tmp/nodogsplash_debug/dados_completos.csv para ler dados base dos usuários.
AVISO: Nenhum dado base de usuário carregado. O relatório pode estar vazio ou incompleto.
ERRO: Não foi possível abrir /tmp/nodogsplash_debug/dados_completos.csv para ler dados base dos usuários.
AVISO: Nenhum dado base de usuário carregado. O relatório pode estar vazio ou incompleto.
ERRO: Não foi possível abrir /tmp/nodogsplash_debug/dados_completos.csv para ler dados base dos usuários.
AVISO: Nenhum dado base de usuário carregado. O relatório pode estar vazio ou incompleto.
ERRO: Não foi possível abrir /tmp/nodogsplash_debug/dados_completos.csv para ler dados base dos usuários.
AVISO: Nenhum dado base de usuário carregado. O relatório pode estar vazio ou incompleto.
ERRO: Não foi possível abrir /tmp/nodogsplash_debug/dados_completos.csv para ler dados base dos usuários.
AVISO: Nenhum dado base de usuário carregado. O relatório pode estar vazio ou incompleto.
_uptime_geral concluído.
------------------------------------------------------
[2025-05-22 23:03:02] --- Ciclo de execução concluído. Aguardando 60 segundos... ---

[2025-05-22 23:04:02] --- Iniciando ciclo de execução ---
INFO: Executando monitor_activity_single_run em 2025-05-22 23:04:02
DEBUG: Lista de MACs 'MACs Efetivamente Ativos ANTERIORES': [VAZIA]
DEBUG: Lista de MACs 'MACs Autenticados NDS (Atuais)': [VAZIA]
DEBUG: Lista de MACs 'MACs Associados WiFi (Atuais)': [VAZIA]
DEBUG: Lista de MACs 'MACs Efetivamente Ativos ATUAIS (NDS+WiFi)': [VAZIA]
------------------------------------------------------
INFO: Iniciando executar_calculo_uptime_geral...
DEBUG: Lista de MACs 'MACs Únicos para Relatório': [VAZIA]
INFO: Escrevendo relatório final em /home/victo/codigo-c/csv/relatorio_usuarios_C.csv
INFO: executar_calculo_uptime_geral concluído.
------------------------------------------------------
[2025-05-22 23:04:02] --- Ciclo de execução concluído. Aguardando 60 segundos... ---

[2025-05-22 23:05:02] --- Iniciando ciclo de execução ---
INFO: Executando monitor_activity_single_run em 2025-05-22 23:05:02
DEBUG: Lista de MACs 'MACs Efetivamente Ativos ANTERIORES': [VAZIA]
DEBUG: Lista de MACs 'MACs Autenticados NDS (Atuais)': [VAZIA]
DEBUG: Lista de MACs 'MACs Associados WiFi (Atuais)': [VAZIA]
DEBUG: Lista de MACs 'MACs Efetivamente Ativos ATUAIS (NDS+WiFi)': [VAZIA]
------------------------------------------------------
INFO: Iniciando executar_calculo_uptime_geral...
DEBUG: Lista de MACs 'MACs Únicos para Relatório': [VAZIA]
INFO: Escrevendo relatório final em /home/victo/codigo-c/csv/relatorio_usuarios_C.csv
INFO: executar_calculo_uptime_geral concluído.
------------------------------------------------------
[2025-05-22 23:05:02] --- Ciclo de execução concluído. Aguardando 60 segundos... ---

[2025-05-22 23:06:02] --- Iniciando ciclo de execução ---
INFO: Executando monitor_activity_single_run em 2025-05-22 23:06:02
DEBUG: Lista de MACs 'MACs Efetivamente Ativos ANTERIORES': [VAZIA]
DEBUG: Lista de MACs 'MACs Autenticados NDS (Atuais)': [VAZIA]
DEBUG: Lista de MACs 'MACs Associados WiFi (Atuais)': [VAZIA]
DEBUG: Lista de MACs 'MACs Efetivamente Ativos ATUAIS (NDS+WiFi)': [VAZIA]
------------------------------------------------------
INFO: Iniciando executar_calculo_uptime_geral...
DEBUG: Lista de MACs 'MACs Únicos para Relatório': [VAZIA]
INFO: Escrevendo relatório final em /home/victo/codigo-c/csv/relatorio_usuarios_C.csv
INFO: executar_calculo_uptime_geral concluído.
------------------------------------------------------
[2025-05-22 23:06:02] --- Ciclo de execução concluído. Aguardando 60 segundos... ---

[2025-05-22 23:07:02] --- Iniciando ciclo de execução ---
INFO: Executando monitor_activity_single_run em 2025-05-22 23:07:02
DEBUG: Lista de MACs 'MACs Efetivamente Ativos ANTERIORES': [VAZIA]
DEBUG: Lista de MACs 'MACs Autenticados NDS (Atuais)': [VAZIA]
DEBUG: Lista de MACs 'MACs Associados WiFi (Atuais)': [VAZIA]
DEBUG: Lista de MACs 'MACs Efetivamente Ativos ATUAIS (NDS+WiFi)': [VAZIA]
------------------------------------------------------
INFO: Iniciando executar_calculo_uptime_geral...
DEBUG: Lista de MACs 'MACs Únicos para Relatório': [VAZIA]
INFO: Escrevendo relatório final em /home/victo/codigo-c/csv/relatorio_usuarios_C.csv
INFO: executar_calculo_uptime_geral concluído.
------------------------------------------------------
[2025-05-22 23:07:02] --- Ciclo de execução concluído. Aguardando 60 segundos... ---

[2025-05-22 23:08:02] --- Iniciando ciclo de execução ---
INFO: Executando monitor_activity_single_run em 2025-05-22 23:08:02
DEBUG: Lista de MACs 'MACs Efetivamente Ativos ANTERIORES': [VAZIA]
DEBUG: Lista de MACs 'MACs Autenticados NDS (Atuais)': [VAZIA]
DEBUG: Lista de MACs 'MACs Associados WiFi (Atuais)': [VAZIA]
DEBUG: Lista de MACs 'MACs Efetivamente Ativos ATUAIS (NDS+WiFi)': [VAZIA]
------------------------------------------------------
INFO: Iniciando executar_calculo_uptime_geral...
DEBUG: Lista de MACs 'MACs Únicos para Relatório': [VAZIA]
INFO:ERRO: Não foi possível abrir /tmp/nodogsplash_debug/dados_completos.csv para ler dados base dos usuários.
AVISO: Nenhum dado base de usuário carregado. O relatório pode estar vazio ou incompleto.
ERRO: Não foi possível abrir /tmp/nodogsplash_debug/dados_completos.csv para ler dados base dos usuários.
AVISO: Nenhum dado base de usuário carregado. O relatório pode estar vazio ou incompleto.
ERRO: Não foi possível abrir /tmp/nodogsplash_debug/dados_completos.csv para ler dados base dos usuários.
AVISO: Nenhum dado base de usuário carregado. O relatório pode estar vazio ou incompleto.
ERRO: Não foi possível abrir /tmp/nodogsplash_debug/dados_completos.csv para ler dados base dos usuários.
AVISO: Nenhum dado base de usuário carregado. O relatório pode estar vazio ou incompleto.
ERRO: Não foi possível abrir /tmp/nodogsplash_debug/dados_completos.csv para ler dados base dos usuários.
AVISO: Nenhum dado base de usuário carregado. O relatório pode estar vazio ou incompleto.
ERRO: Não foi possível abrir /tmp/nodogsplash_debug/dados_completos.csv para ler dados base dos usuários.
AVISO: Nenhum dado base de usuário carregado. O relatório pode estar vazio ou incompleto.
ERRO: Não foi possível abrir /tmp/nodogsplash_debug/dados_completos.csv para ler dados base dos usuários.
AVISO: Nenhum dado base de usuário carregado. O relatório pode estar vazio ou incompleto.
ERRO: Não foi possível abrir /tmp/nodogsplash_debug/dados_completos.csv para ler dados base dos usuários.
AVISO: Nenhum dado base de usuário carregado. O relatório pode estar vazio ou incompleto.
Iniciando Servico C de Monitoramento e Relatório Nodogsplash...

[2025-05-22 23:05:01] --- Iniciando ciclo de execução ---
INFO: Executando monitor_activity_single_run em 2025-05-22 23:05:01
DEBUG: Lista de MACs 'MACs Efetivamente Ativos ANTERIORES': [VAZIA]
DEBUG: Lista de MACs 'MACs Autenticados NDS (Atuais)': [VAZIA]
DEBUG: Lista de MACs 'MACs Associados WiFi (Atuais)': [VAZIA]
DEBUG: Lista de MACs 'MACs Efetivamente Ativos ATUAIS (NDS+WiFi)': [VAZIA]
------------------------------------------------------
INFO: Iniciando executar_calculo_uptime_geral...
DEBUG: Lista de MACs 'MACs Únicos para Relatório': [VAZIA]
INFO: Escrevendo relatório final em /home/victo/codigo-c/csv/relatorio_usuarios_C.csv
INFO: executar_calculo_uptime_geral concluído.
------------------------------------------------------
[2025-05-22 23:05:01] --- Ciclo de execução concluído. Aguardando 60 segundos... ---

[2025-05-22 23:06:01] --- Iniciando ciclo de execução ---
INFO: Executando monitor_activity_single_run em 2025-05-22 23:06:01
DEBUG: Lista de MACs 'MACs Efetivamente Ativos ANTERIORES': [VAZIA]
DEBUG: Lista de MACs 'MACs Autenticados NDS (Atuais)': [VAZIA]
DEBUG: Lista de MACs 'MACs Associados WiFi (Atuais)': [VAZIA]
DEBUG: Lista de MACs 'MACs Efetivamente Ativos ATUAIS (NDS+WiFi)': [VAZIA]
------------------------------------------------------
INFO: Iniciando executar_calculo_uptime_geral...
DEBUG: Lista de MACs 'MACs Únicos para Relatório': [VAZIA]
INFO: Escrevendo relatório final em /home/victo/codigo-c/csv/relatorio_usuarios_C.csv
INFO: executar_calculo_uptime_geral concluído.
------------------------------------------------------
[2025-05-22 23:06:01] --- Ciclo de execução concluído. Aguardando 60 segundos... ---

[2025-05-22 23:07:01] --- Iniciando ciclo de execução ---
INFO: Executando monitor_activity_single_run em 2025-05-22 23:07:01
DEBUG: Lista de MACs 'MACs Efetivamente Ativos ANTERIORES': [VAZIA]
DEBUG: Lista de MACs 'MACs Autenticados NDS (Atuais)': [VAZIA]
DEBUG: Lista de MACs 'MACs Associados WiFi (Atuais)': [VAZIA]
DEBUG: Lista de MACs 'MACs Efetivamente Ativos ATUAIS (NDS+WiFi)': [VAZIA]
------------------------------------------------------
INFO: Iniciando executar_calculo_uptime_geral...
DEBUG: Lista de MACs 'MACs Únicos para Relatório': [VAZIA]
INFO: Escrevendo relatório final em /home/victo/codigo-c/csv/relatorio_usuarios_C.csv
INFO: executar_calculo_uptime_geral concluído.
------------------------------------------------------
[2025-05-22 23:07:01] --- Ciclo de execução concluído. Aguardando 60 segundos... ---

[2025-05-22 23:08:01] --- Iniciando ciclo de execução ---
INFO: Executando monitor_activity_single_run em 2025-05-22 23:08:01
DEBUG: Lista de MACs 'MACs Efetivamente Ativos ANTERIORES': [VAZIA]
DEBUG: Lista de MACs 'MACs Autenticados NDS (Atuais)': [VAZIA]
DEBUG: Lista de MACs 'MACs Associados WiFi (Atuais)': [VAZIA]
DEBUG: Lista de MACs 'MACs Efetivamente Ativos ATUAIS (NDS+WiFi)': [VAZIA]
------------------------------------------------------
INFO: Iniciando executar_calculo_uptime_geral...
DEBUG: Lista de MACs 'MACs Únicos para Relatório': [VAZIA]
INFO: Escrevendo relatório final em /home/victo/codigo-c/csv/relatorio_usuarios_C.csv
INFO: executar_calculo_uptime_geral concluído.
------------------------------------------------------
[2025-05-22 23:08:02] --- Ciclo de execução concluído. Aguardando 60 segundos... ---

[2025-05-22 23:09:02] --- Iniciando ciclo de execução ---
INFO: Executando monitor_activity_single_run em 2025-05-22 23:09:02
DEBUG: Lista de MACs 'MACs Efetivamente Ativos ANTERIORES': [VAZIA]
DEBUG: Lista de MACs 'MACs Autenticados NDS (Atuais)': [VAZIA]
DEBUG: Lista de MACs 'MACs Associados WiFi (Atuais)': [VAZIA]
DEBUG: Lista de MACs 'MACs Efetivamente Ativos ATUAIS (NDS+WiFi)': [VAZIA]
------------------------------------------------------
INFO: Iniciando executar_calculo_uptime_geral...
DEBUG: Lista de MACs 'MACs Únicos para Relatório': [VAZIA]
INFO: Escrevendo relatório final em /home/victo/codigo-c/csv/relatorio_usuarios_C.csv
INFO: executar_calculoERRO: Não foi possível abrir /tmp/nodogsplash_debug/dados_completos.csv para ler dados base dos usuários.
AVISO: Nenhum dado base de usuário carregado. O relatório pode estar vazio ou incompleto.
ERRO: Não foi possível abrir /tmp/nodogsplash_debug/dados_completos.csv para ler dados base dos usuários.
AVISO: Nenhum dado base de usuário carregado. O relatório pode estar vazio ou incompleto.
ERRO: Não foi possível abrir /tmp/nodogsplash_debug/dados_completos.csv para ler dados base dos usuários.
AVISO: Nenhum dado base de usuário carregado. O relatório pode estar vazio ou incompleto.
ERRO: Não foi possível abrir /tmp/nodogsplash_debug/dados_completos.csv para ler dados base dos usuários.
AVISO: Nenhum dado base de usuário carregado. O relatório pode estar vazio ou incompleto.
ERRO: Não foi possível abrir /tmp/nodogsplash_debug/dados_completos.csv para ler dados base dos usuários.
AVISO: Nenhum dado base de usuário carregado. O relatório pode estar vazio ou incompleto.
_uptime_geral concluído.
------------------------------------------------------
[2025-05-22 23:04:02] --- Ciclo de execução concluído. Aguardando 60 segundos... ---

[2025-05-22 23:05:02] --- Iniciando ciclo de execução ---
INFO: Executando monitor_activity_single_run em 2025-05-22 23:05:02
DEBUG: Lista de MACs 'MACs Efetivamente Ativos ANTERIORES': [VAZIA]
DEBUG: Lista de MACs 'MACs Autenticados NDS (Atuais)': [VAZIA]
DEBUG: Lista de MACs 'MACs Associados WiFi (Atuais)': [VAZIA]
DEBUG: Lista de MACs 'MACs Efetivamente Ativos ATUAIS (NDS+WiFi)': [VAZIA]
------------------------------------------------------
INFO: Iniciando executar_calculo_uptime_geral...
DEBUG: Lista de MACs 'MACs Únicos para Relatório': [VAZIA]
INFO: Escrevendo relatório final em /home/victo/codigo-c/csv/relatorio_usuarios_C.csv
INFO: executar_calculo_uptime_geral concluído.
------------------------------------------------------
[2025-05-22 23:05:02] --- Ciclo de execução concluído. Aguardando 60 segundos... ---

[2025-05-22 23:06:02] --- Iniciando ciclo de execução ---
INFO: Executando monitor_activity_single_run em 2025-05-22 23:06:02
DEBUG: Lista de MACs 'MACs Efetivamente Ativos ANTERIORES': [VAZIA]
DEBUG: Lista de MACs 'MACs Autenticados NDS (Atuais)': [VAZIA]
DEBUG: Lista de MACs 'MACs Associados WiFi (Atuais)': [VAZIA]
DEBUG: Lista de MACs 'MACs Efetivamente Ativos ATUAIS (NDS+WiFi)': [VAZIA]
------------------------------------------------------
INFO: Iniciando executar_calculo_uptime_geral...
DEBUG: Lista de MACs 'MACs Únicos para Relatório': [VAZIA]
INFO: Escrevendo relatório final em /home/victo/codigo-c/csv/relatorio_usuarios_C.csv
INFO: executar_calculo_uptime_geral concluído.
------------------------------------------------------
[2025-05-22 23:06:02] --- Ciclo de execução concluído. Aguardando 60 segundos... ---

[2025-05-22 23:07:02] --- Iniciando ciclo de execução ---
INFO: Executando monitor_activity_single_run em 2025-05-22 23:07:02
DEBUG: Lista de MACs 'MACs Efetivamente Ativos ANTERIORES': [VAZIA]
DEBUG: Lista de MACs 'MACs Autenticados NDS (Atuais)': [VAZIA]
DEBUG: Lista de MACs 'MACs Associados WiFi (Atuais)': [VAZIA]
DEBUG: Lista de MACs 'MACs Efetivamente Ativos ATUAIS (NDS+WiFi)': [VAZIA]
------------------------------------------------------
INFO: Iniciando executar_calculo_uptime_geral...
DEBUG: Lista de MACs 'MACs Únicos para Relatório': [VAZIA]
INFO: Escrevendo relatório final em /home/victo/codigo-c/csv/relatorio_usuarios_C.csv
INFO: executar_calculo_uptime_geral concluído.
------------------------------------------------------
[2025-05-22 23:07:02] --- Ciclo de execução concluído. Aguardando 60 segundos... ---

[2025-05-22 23:08:02] --- Iniciando ciclo de execução ---
INFO: Executando monitor_activity_single_run em 2025-05-22 23:08:02
DEBUG: Lista de MACs 'MACs Efetivamente Ativos ANTERIORES': [VAZIA]
DEBUG: Lista de MACs 'MACs Autenticados NDS (Atuais)': [VAZIA]
DEBUG: Lista de MACs 'MACs Associados WiFi (Atuais)': [VAZIA]
DEBUG: Lista de MACs 'MACs Efetivamente Ativos ATUAIS (NDS+WiFi)': [VAZIA]
------------------------------------------------------
INFO: Iniciando executar_calculo_uptime_geral...
DEBUG: Lista de MACs 'MACs Únicos para Relatório': [VAZIA]
INFO: Escrevendo relatório final em /home/victo/codigo-c/csv/relatorio_usuarios_C.csv
INFO: executar_calculo_uptime_geral concluído.
------------------------------------------------------
[2025-05-22 23:08:02] --- Ciclo de execução concluído. Aguardando 60 segundos... ---

[2025-05-22 23:09:02] --- Iniciando ciclo de execução ---
INFO: Executando monitor_activity_single_run em 2025-05-22 23:09:02
DEBUG: Lista de MACs 'MACs Efetivamente Ativos ANTERIORES': [VAZIA]
DEBUG: Lista de MACs 'MACs Autenticados NDS (Atuais)': [VAZIA]
DEBUG: Lista de MACs 'MACs Associados WiFi (Atuais)': [VAZIA]
DEBUG: Lista de MACs 'MACs Efetivamente Ativos ATUAIS (NDS+WiFi)': [VAZIA]
------------------------------------------------------
INFO: Iniciando executar_calculo_uptime_geral...
DEBUG: Lista de MACs 'MACs Únicos para Relatório': [VAZIA]
INFO:ERRO: Não foi possível abrir /tmp/nodogsplash_debug/dados_completos.csv para ler dados base dos usuários.
AVISO: Nenhum dado base de usuário carregado. O relatório pode estar vazio ou incompleto.
ERRO: Não foi possível abrir /tmp/nodogsplash_debug/dados_completos.csv para ler dados base dos usuários.
AVISO: Nenhum dado base de usuário carregado. O relatório pode estar vazio ou incompleto.
ERRO: Não foi possível abrir /tmp/nodogsplash_debug/dados_completos.csv para ler dados base dos usuários.
AVISO: Nenhum dado base de usuário carregado. O relatório pode estar vazio ou incompleto.
ERRO: Não foi possível abrir /tmp/nodogsplash_debug/dados_completos.csv para ler dados base dos usuários.
AVISO: Nenhum dado base de usuário carregado. O relatório pode estar vazio ou incompleto.
ERRO: Não foi possível abrir /tmp/nodogsplash_debug/dados_completos.csv para ler dados base dos usuários.
AVISO: Nenhum dado base de usuário carregado. O relatório pode estar vazio ou incompleto.
ERRO: Não foi possível abrir /tmp/nodogsplash_debug/dados_completos.csv para ler dados base dos usuários.
AVISO: Nenhum dado base de usuário carregado. O relatório pode estar vazio ou incompleto.
ERRO: Não foi possível abrir /tmp/nodogsplash_debug/dados_completos.csv para ler dados base dos usuários.
AVISO: Nenhum dado base de usuário carregado. O relatório pode estar vazio ou incompleto.
ERRO: Não foi possível abrir /tmp/nodogsplash_debug/dados_completos.csv para ler dados base dos usuários.
AVISO: Nenhum dado base de usuário carregado. O relatório pode estar vazio ou incompleto.
Iniciando Servico C de Monitoramento e Relatório Nodogsplash...

[2025-05-22 23:06:01] --- Iniciando ciclo de execução ---
INFO: Executando monitor_activity_single_run em 2025-05-22 23:06:01
DEBUG: Lista de MACs 'MACs Efetivamente Ativos ANTERIORES': [VAZIA]
DEBUG: Lista de MACs 'MACs Autenticados NDS (Atuais)': [VAZIA]
DEBUG: Lista de MACs 'MACs Associados WiFi (Atuais)': [VAZIA]
DEBUG: Lista de MACs 'MACs Efetivamente Ativos ATUAIS (NDS+WiFi)': [VAZIA]
------------------------------------------------------
INFO: Iniciando executar_calculo_uptime_geral...
DEBUG: Lista de MACs 'MACs Únicos para Relatório': [VAZIA]
INFO: Escrevendo relatório final em /home/victo/codigo-c/csv/relatorio_usuarios_C.csv
INFO: executar_calculo_uptime_geral concluído.
------------------------------------------------------
[2025-05-22 23:06:01] --- Ciclo de execução concluído. Aguardando 60 segundos... ---

[2025-05-22 23:07:01] --- Iniciando ciclo de execução ---
INFO: Executando monitor_activity_single_run em 2025-05-22 23:07:01
DEBUG: Lista de MACs 'MACs Efetivamente Ativos ANTERIORES': [VAZIA]
DEBUG: Lista de MACs 'MACs Autenticados NDS (Atuais)': [VAZIA]
DEBUG: Lista de MACs 'MACs Associados WiFi (Atuais)': [VAZIA]
DEBUG: Lista de MACs 'MACs Efetivamente Ativos ATUAIS (NDS+WiFi)': [VAZIA]
------------------------------------------------------
INFO: Iniciando executar_calculo_uptime_geral...
DEBUG: Lista de MACs 'MACs Únicos para Relatório': [VAZIA]
INFO: Escrevendo relatório final em /home/victo/codigo-c/csv/relatorio_usuarios_C.csv
INFO: executar_calculo_uptime_geral concluído.
------------------------------------------------------
[2025-05-22 23:07:01] --- Ciclo de execução concluído. Aguardando 60 segundos... ---

[2025-05-22 23:08:01] --- Iniciando ciclo de execução ---
INFO: Executando monitor_activity_single_run em 2025-05-22 23:08:01
DEBUG: Lista de MACs 'MACs Efetivamente Ativos ANTERIORES': [VAZIA]
DEBUG: Lista de MACs 'MACs Autenticados NDS (Atuais)': [VAZIA]
DEBUG: Lista de MACs 'MACs Associados WiFi (Atuais)': [VAZIA]
DEBUG: Lista de MACs 'MACs Efetivamente Ativos ATUAIS (NDS+WiFi)': [VAZIA]
------------------------------------------------------
INFO: Iniciando executar_calculo_uptime_geral...
DEBUG: Lista de MACs 'MACs Únicos para Relatório': [VAZIA]
INFO: Escrevendo relatório final em /home/victo/codigo-c/csv/relatorio_usuarios_C.csv
INFO: executar_calculo_uptime_geral concluído.
------------------------------------------------------
[2025-05-22 23:08:01] --- Ciclo de execução concluído. Aguardando 60 segundos... ---

[2025-05-22 23:09:01] --- Iniciando ciclo de execução ---
INFO: Executando monitor_activity_single_run em 2025-05-22 23:09:01
DEBUG: Lista de MACs 'MACs Efetivamente Ativos ANTERIORES': [VAZIA]
DEBUG: Lista de MACs 'MACs Autenticados NDS (Atuais)': [VAZIA]
DEBUG: Lista de MACs 'MACs Associados WiFi (Atuais)': [VAZIA]
DEBUG: Lista de MACs 'MACs Efetivamente Ativos ATUAIS (NDS+WiFi)': [VAZIA]
------------------------------------------------------
INFO: Iniciando executar_calculo_uptime_geral...
DEBUG: Lista de MACs 'MACs Únicos para Relatório': [VAZIA]
INFO: Escrevendo relatório final em /home/victo/codigo-c/csv/relatorio_usuarios_C.csv
INFO: executar_calculo_uptime_geral concluído.
------------------------------------------------------
[2025-05-22 23:09:02] --- Ciclo de execução concluído. Aguardando 60 segundos... ---

[2025-05-22 23:10:02] --- Iniciando ciclo de execução ---
INFO: Executando monitor_activity_single_run em 2025-05-22 23:10:02
DEBUG: Lista de MACs 'MACs Efetivamente Ativos ANTERIORES': [VAZIA]
DEBUG: Lista de MACs 'MACs Autenticados NDS (Atuais)': [VAZIA]
DEBUG: Lista de MACs 'MACs Associados WiFi (Atuais)': [VAZIA]
DEBUG: Lista de MACs 'MACs Efetivamente Ativos ATUAIS (NDS+WiFi)': [VAZIA]
------------------------------------------------------
INFO: Iniciando executar_calculo_uptime_geral...
DEBUG: Lista de MACs 'MACs Únicos para Relatório': [VAZIA]
INFO: Escrevendo relatório final em /home/victo/codigo-c/csv/relatorio_usuarios_C.csv
INFO: executar_calculoERRO: Não foi possível abrir /tmp/nodogsplash_debug/dados_completos.csv para ler dados base dos usuários.
AVISO: Nenhum dado base de usuário carregado. O relatório pode estar vazio ou incompleto.
ERRO: Não foi possível abrir /tmp/nodogsplash_debug/dados_completos.csv para ler dados base dos usuários.
AVISO: Nenhum dado base de usuário carregado. O relatório pode estar vazio ou incompleto.
ERRO: Não foi possível abrir /tmp/nodogsplash_debug/dados_completos.csv para ler dados base dos usuários.
AVISO: Nenhum dado base de usuário carregado. O relatório pode estar vazio ou incompleto.
ERRO: Não foi possível abrir /tmp/nodogsplash_debug/dados_completos.csv para ler dados base dos usuários.
AVISO: Nenhum dado base de usuário carregado. O relatório pode estar vazio ou incompleto.
ERRO: Não foi possível abrir /tmp/nodogsplash_debug/dados_completos.csv para ler dados base dos usuários.
AVISO: Nenhum dado base de usuário carregado. O relatório pode estar vazio ou incompleto.
_uptime_geral concluído.
------------------------------------------------------
[2025-05-22 23:05:02] --- Ciclo de execução concluído. Aguardando 60 segundos... ---

[2025-05-22 23:06:02] --- Iniciando ciclo de execução ---
INFO: Executando monitor_activity_single_run em 2025-05-22 23:06:02
DEBUG: Lista de MACs 'MACs Efetivamente Ativos ANTERIORES': [VAZIA]
DEBUG: Lista de MACs 'MACs Autenticados NDS (Atuais)': [VAZIA]
DEBUG: Lista de MACs 'MACs Associados WiFi (Atuais)': [VAZIA]
DEBUG: Lista de MACs 'MACs Efetivamente Ativos ATUAIS (NDS+WiFi)': [VAZIA]
------------------------------------------------------
INFO: Iniciando executar_calculo_uptime_geral...
DEBUG: Lista de MACs 'MACs Únicos para Relatório': [VAZIA]
INFO: Escrevendo relatório final em /home/victo/codigo-c/csv/relatorio_usuarios_C.csv
INFO: executar_calculo_uptime_geral concluído.
------------------------------------------------------
[2025-05-22 23:06:02] --- Ciclo de execução concluído. Aguardando 60 segundos... ---

[2025-05-22 23:07:02] --- Iniciando ciclo de execução ---
INFO: Executando monitor_activity_single_run em 2025-05-22 23:07:02
DEBUG: Lista de MACs 'MACs Efetivamente Ativos ANTERIORES': [VAZIA]
DEBUG: Lista de MACs 'MACs Autenticados NDS (Atuais)': [VAZIA]
DEBUG: Lista de MACs 'MACs Associados WiFi (Atuais)': [VAZIA]
DEBUG: Lista de MACs 'MACs Efetivamente Ativos ATUAIS (NDS+WiFi)': [VAZIA]
------------------------------------------------------
INFO: Iniciando executar_calculo_uptime_geral...
DEBUG: Lista de MACs 'MACs Únicos para Relatório': [VAZIA]
INFO: Escrevendo relatório final em /home/victo/codigo-c/csv/relatorio_usuarios_C.csv
INFO: executar_calculo_uptime_geral concluído.
------------------------------------------------------
[2025-05-22 23:07:02] --- Ciclo de execução concluído. Aguardando 60 segundos... ---

[2025-05-22 23:08:02] --- Iniciando ciclo de execução ---
INFO: Executando monitor_activity_single_run em 2025-05-22 23:08:02
DEBUG: Lista de MACs 'MACs Efetivamente Ativos ANTERIORES': [VAZIA]
DEBUG: Lista de MACs 'MACs Autenticados NDS (Atuais)': [VAZIA]
DEBUG: Lista de MACs 'MACs Associados WiFi (Atuais)': [VAZIA]
DEBUG: Lista de MACs 'MACs Efetivamente Ativos ATUAIS (NDS+WiFi)': [VAZIA]
------------------------------------------------------
INFO: Iniciando executar_calculo_uptime_geral...
DEBUG: Lista de MACs 'MACs Únicos para Relatório': [VAZIA]
INFO: Escrevendo relatório final em /home/victo/codigo-c/csv/relatorio_usuarios_C.csv
INFO: executar_calculo_uptime_geral concluído.
------------------------------------------------------
[2025-05-22 23:08:02] --- Ciclo de execução concluído. Aguardando 60 segundos... ---

[2025-05-22 23:09:02] --- Iniciando ciclo de execução ---
INFO: Executando monitor_activity_single_run em 2025-05-22 23:09:02
DEBUG: Lista de MACs 'MACs Efetivamente Ativos ANTERIORES': [VAZIA]
DEBUG: Lista de MACs 'MACs Autenticados NDS (Atuais)': [VAZIA]
DEBUG: Lista de MACs 'MACs Associados WiFi (Atuais)': [VAZIA]
DEBUG: Lista de MACs 'MACs Efetivamente Ativos ATUAIS (NDS+WiFi)': [VAZIA]
------------------------------------------------------
INFO: Iniciando executar_calculo_uptime_geral...
DEBUG: Lista de MACs 'MACs Únicos para Relatório': [VAZIA]
INFO: Escrevendo relatório final em /home/victo/codigo-c/csv/relatorio_usuarios_C.csv
INFO: executar_calculo_uptime_geral concluído.
------------------------------------------------------
[2025-05-22 23:09:02] --- Ciclo de execução concluído. Aguardando 60 segundos... ---

[2025-05-22 23:10:02] --- Iniciando ciclo de execução ---
INFO: Executando monitor_activity_single_run em 2025-05-22 23:10:02
DEBUG: Lista de MACs 'MACs Efetivamente Ativos ANTERIORES': [VAZIA]
DEBUG: Lista de MACs 'MACs Autenticados NDS (Atuais)': [VAZIA]
DEBUG: Lista de MACs 'MACs Associados WiFi (Atuais)': [VAZIA]
DEBUG: Lista de MACs 'MACs Efetivamente Ativos ATUAIS (NDS+WiFi)': [VAZIA]
------------------------------------------------------
INFO: Iniciando executar_calculo_uptime_geral...
DEBUG: Lista de MACs 'MACs Únicos para Relatório': [VAZIA]
INFO:ERRO: Não foi possível abrir /tmp/nodogsplash_debug/dados_completos.csv para ler dados base dos usuários.
AVISO: Nenhum dado base de usuário carregado. O relatório pode estar vazio ou incompleto.
ERRO: Não foi possível abrir /tmp/nodogsplash_debug/dados_completos.csv para ler dados base dos usuários.
AVISO: Nenhum dado base de usuário carregado. O relatório pode estar vazio ou incompleto.
ERRO: Não foi possível abrir /tmp/nodogsplash_debug/dados_completos.csv para ler dados base dos usuários.
AVISO: Nenhum dado base de usuário carregado. O relatório pode estar vazio ou incompleto.
ERRO: Não foi possível abrir /tmp/nodogsplash_debug/dados_completos.csv para ler dados base dos usuários.
AVISO: Nenhum dado base de usuário carregado. O relatório pode estar vazio ou incompleto.
 Escrevendo relatório final em /home/victo/codigo-c/csv/relatorio_usuarios_C.csv
INFO: executar_calculo_uptime_geral concluído.
------------------------------------------------------
[2025-05-22 23:05:17] --- Ciclo de execução concluído. Aguardando 60 segundos... ---

[2025-05-22 23:06:17] --- Iniciando ciclo de execução ---
INFO: Executando monitor_activity_single_run em 2025-05-22 23:06:17
DEBUG: Lista de MACs 'MACs Efetivamente Ativos ANTERIORES': [VAZIA]
DEBUG: Lista de MACs 'MACs Autenticados NDS (Atuais)': [VAZIA]
DEBUG: Lista de MACs 'MACs Associados WiFi (Atuais)': [VAZIA]
DEBUG: Lista de MACs 'MACs Efetivamente Ativos ATUAIS (NDS+WiFi)': [VAZIA]
------------------------------------------------------
INFO: Iniciando executar_calculo_uptime_geral...
DEBUG: Lista de MACs 'MACs Únicos para Relatório': [VAZIA]
INFO: Escrevendo relatório final em /home/victo/codigo-c/csv/relatorio_usuarios_C.csv
INFO: executar_calculo_uptime_geral concluído.
------------------------------------------------------
[2025-05-22 23:06:17] --- Ciclo de execução concluído. Aguardando 60 segundos... ---

[2025-05-22 23:07:17] --- Iniciando ciclo de execução ---
INFO: Executando monitor_activity_single_run em 2025-05-22 23:07:17
DEBUG: Lista de MACs 'MACs Efetivamente Ativos ANTERIORES': [VAZIA]
DEBUG: Lista de MACs 'MACs Autenticados NDS (Atuais)': [VAZIA]
DEBUG: Lista de MACs 'MACs Associados WiFi (Atuais)': [VAZIA]
DEBUG: Lista de MACs 'MACs Efetivamente Ativos ATUAIS (NDS+WiFi)': [VAZIA]
------------------------------------------------------
INFO: Iniciando executar_calculo_uptime_geral...
DEBUG: Lista de MACs 'MACs Únicos para Relatório': [VAZIA]
INFO: Escrevendo relatório final em /home/victo/codigo-c/csv/relatorio_usuarios_C.csv
INFO: executar_calculo_uptime_geral concluído.
------------------------------------------------------
[2025-05-22 23:07:17] --- Ciclo de execução concluído. Aguardando 60 segundos... ---

[2025-05-22 23:08:17] --- Iniciando ciclo de execução ---
INFO: Executando monitor_activity_single_run em 2025-05-22 23:08:17
DEBUG: Lista de MACs 'MACs Efetivamente Ativos ANTERIORES': [VAZIA]
DEBUG: Lista de MACs 'MACs Autenticados NDS (Atuais)': [VAZIA]
DEBUG: Lista de MACs 'MACs Associados WiFi (Atuais)': [VAZIA]
DEBUG: Lista de MACs 'MACs Efetivamente Ativos ATUAIS (NDS+WiFi)': [VAZIA]
------------------------------------------------------
INFO: Iniciando executar_calculo_uptime_geral...
DEBUG: Lista de MACs 'MACs Únicos para Relatório': [VAZIA]
INFO: Escrevendo relatório final em /home/victo/codigo-c/csv/relatorio_usuarios_C.csv
INFO: executar_calculo_uptime_geral concluído.
------------------------------------------------------
[2025-05-22 23:08:17] --- Ciclo de execução concluído. Aguardando 60 segundos... ---

[2025-05-22 23:09:17] --- Iniciando ciclo de execução ---
INFO: Executando monitor_activity_single_run em 2025-05-22 23:09:17
DEBUG: Lista de MACs 'MACs Efetivamente Ativos ANTERIORES': [VAZIA]
DEBUG: Lista de MACs 'MACs Autenticados NDS (Atuais)': [VAZIA]
DEBUG: Lista de MACs 'MACs Associados WiFi (Atuais)': [VAZIA]
DEBUG: Lista de MACs 'MACs Efetivamente Ativos ATUAIS (NDS+WiFi)': [VAZIA]
------------------------------------------------------
INFO: Iniciando executar_calculo_uptime_geral...
DEBUG: Lista de MACs 'MACs Únicos para Relatório': [VAZIA]
INFO: Escrevendo relatório final em /home/victo/codigo-c/csv/relatorio_usuarios_C.csv
INFO: executar_calculo_uptime_geral concluído.
------------------------------------------------------
[2025-05-22 23:09:17] --- Ciclo de execução concluído. Aguardando 60 segundos... ---

[2025-05-22 23:10:17] --- Iniciando ciclo de execução ---
INFO: Executando monitor_activity_single_run em 2025-05-22 23:10:17
DEBUG: Lista de MACs 'MACs Efetivamente Ativos ANTERIORES': [VAZIA]
DEBUG: Lista de MACs 'MACs Autenticados NDS (Atuais)': [VAZIA]
DEBUG: Lista de MACs 'MACs Associados WiFi (Atuais)': [VAZIA]
DEBUG: Lista de MACs 'MACs Efetivamente Ativos ATUAIS (NDS+WiFi)': [VAZIA]
------------------------------------------------------
INFO: IniciERRO: Não foi possível abrir /tmp/nodogsplash_debug/dados_completos.csv para ler dados base dos usuários.
AVISO: Nenhum dado base de usuário carregado. O relatório pode estar vazio ou incompleto.
ERRO: Não foi possível abrir /tmp/nodogsplash_debug/dados_completos.csv para ler dados base dos usuários.
AVISO: Nenhum dado base de usuário carregado. O relatório pode estar vazio ou incompleto.
ERRO: Não foi possível abrir /tmp/nodogsplash_debug/dados_completos.csv para ler dados base dos usuários.
AVISO: Nenhum dado base de usuário carregado. O relatório pode estar vazio ou incompleto.
ERRO: Não foi possível abrir /tmp/nodogsplash_debug/dados_completos.csv para ler dados base dos usuários.
AVISO: Nenhum dado base de usuário carregado. O relatório pode estar vazio ou incompleto.
Iniciando Servico C de Monitoramento e Relatório Nodogsplash...

[2025-05-22 23:07:01] --- Iniciando ciclo de execução ---
INFO: Executando monitor_activity_single_run em 2025-05-22 23:07:01
DEBUG: Lista de MACs 'MACs Efetivamente Ativos ANTERIORES': [VAZIA]
DEBUG: Lista de MACs 'MACs Autenticados NDS (Atuais)': [VAZIA]
DEBUG: Lista de MACs 'MACs Associados WiFi (Atuais)': [VAZIA]
DEBUG: Lista de MACs 'MACs Efetivamente Ativos ATUAIS (NDS+WiFi)': [VAZIA]
------------------------------------------------------
INFO: Iniciando executar_calculo_uptime_geral...
DEBUG: Lista de MACs 'MACs Únicos para Relatório': [VAZIA]
INFO: Escrevendo relatório final em /home/victo/codigo-c/csv/relatorio_usuarios_C.csv
INFO: executar_calculo_uptime_geral concluído.
------------------------------------------------------
[2025-05-22 23:07:01] --- Ciclo de execução concluído. Aguardando 60 segundos... ---

[2025-05-22 23:08:01] --- Iniciando ciclo de execução ---
INFO: Executando monitor_activity_single_run em 2025-05-22 23:08:01
DEBUG: Lista de MACs 'MACs Efetivamente Ativos ANTERIORES': [VAZIA]
DEBUG: Lista de MACs 'MACs Autenticados NDS (Atuais)': [VAZIA]
DEBUG: Lista de MACs 'MACs Associados WiFi (Atuais)': [VAZIA]
DEBUG: Lista de MACs 'MACs Efetivamente Ativos ATUAIS (NDS+WiFi)': [VAZIA]
------------------------------------------------------
INFO: Iniciando executar_calculo_uptime_geral...
DEBUG: Lista de MACs 'MACs Únicos para Relatório': [VAZIA]
INFO: Escrevendo relatório final em /home/victo/codigo-c/csv/relatorio_usuarios_C.csv
INFO: executar_calculo_uptime_geral concluído.
------------------------------------------------------
[2025-05-22 23:08:01] --- Ciclo de execução concluído. Aguardando 60 segundos... ---

[2025-05-22 23:09:01] --- Iniciando ciclo de execução ---
INFO: Executando monitor_activity_single_run em 2025-05-22 23:09:01
DEBUG: Lista de MACs 'MACs Efetivamente Ativos ANTERIORES': [VAZIA]
DEBUG: Lista de MACs 'MACs Autenticados NDS (Atuais)': [VAZIA]
DEBUG: Lista de MACs 'MACs Associados WiFi (Atuais)': [VAZIA]
DEBUG: Lista de MACs 'MACs Efetivamente Ativos ATUAIS (NDS+WiFi)': [VAZIA]
------------------------------------------------------
INFO: Iniciando executar_calculo_uptime_geral...
DEBUG: Lista de MACs 'MACs Únicos para Relatório': [VAZIA]
INFO: Escrevendo relatório final em /home/victo/codigo-c/csv/relatorio_usuarios_C.csv
INFO: executar_calculo_uptime_geral concluído.
------------------------------------------------------
[2025-05-22 23:09:01] --- Ciclo de execução concluído. Aguardando 60 segundos... ---

[2025-05-22 23:10:01] --- Iniciando ciclo de execução ---
INFO: Executando monitor_activity_single_run em 2025-05-22 23:10:01
DEBUG: Lista de MACs 'MACs Efetivamente Ativos ANTERIORES': [VAZIA]
DEBUG: Lista de MACs 'MACs Autenticados NDS (Atuais)': [VAZIA]
DEBUG: Lista de MACs 'MACs Associados WiFi (Atuais)': [VAZIA]
DEBUG: Lista de MACs 'MACs Efetivamente Ativos ATUAIS (NDS+WiFi)': [VAZIA]
------------------------------------------------------
INFO: Iniciando executar_calculo_uptime_geral...
DEBUG: Lista de MACs 'MACs Únicos para Relatório': [VAZIA]
INFO: Escrevendo relatório final em /home/victo/codigo-c/csv/relatorio_usuarios_C.csv
INFO: executar_calculo_uptime_geral concluído.
------------------------------------------------------
[2025-05-22 23:10:02] --- Ciclo de execução concluído. Aguardando 60 segundos... ---

[2025-05-22 23:11:02] --- Iniciando ciclo de execução ---
INFO: Executando monitor_activity_single_run em 2025-05-22 23:11:02
DEBUG: Lista de MACs 'MACs Efetivamente Ativos ANTERIORES': [VAZIA]
DEBUG: Lista de MACs 'MACs Autenticados NDS (Atuais)': [VAZIA]
DEBUG: Lista de MACs 'MACs Associados WiFi (Atuais)': [VAZIA]
DEBUG: Lista de MACs 'MACs Efetivamente Ativos ATUAIS (NDS+WiFi)': [VAZIA]
------------------------------------------------------
INFO: Iniciando executar_calculo_uptime_geral...
DEBUG: Lista de MACs 'MACs Únicos para Relatório': [VAZIA]
INFO: Escrevendo relatório final em /home/victo/codigo-c/csv/relatorio_usuarios_C.csv
INFO: executar_calculoERRO: Não foi possível abrir /tmp/nodogsplash_debug/dados_completos.csv para ler dados base dos usuários.
AVISO: Nenhum dado base de usuário carregado. O relatório pode estar vazio ou incompleto.
ERRO: Não foi possível abrir /tmp/nodogsplash_debug/dados_completos.csv para ler dados base dos usuários.
AVISO: Nenhum dado base de usuário carregado. O relatório pode estar vazio ou incompleto.
ERRO: Não foi possível abrir /tmp/nodogsplash_debug/dados_completos.csv para ler dados base dos usuários.
AVISO: Nenhum dado base de usuário carregado. O relatório pode estar vazio ou incompleto.
ERRO: Não foi possível abrir /tmp/nodogsplash_debug/dados_completos.csv para ler dados base dos usuários.
AVISO: Nenhum dado base de usuário carregado. O relatório pode estar vazio ou incompleto.
ERRO: Não foi possível abrir /tmp/nodogsplash_debug/dados_completos.csv para ler dados base dos usuários.
AVISO: Nenhum dado base de usuário carregado. O relatório pode estar vazio ou incompleto.
_uptime_geral concluído.
------------------------------------------------------
[2025-05-22 23:06:02] --- Ciclo de execução concluído. Aguardando 60 segundos... ---

[2025-05-22 23:07:02] --- Iniciando ciclo de execução ---
INFO: Executando monitor_activity_single_run em 2025-05-22 23:07:02
DEBUG: Lista de MACs 'MACs Efetivamente Ativos ANTERIORES': [VAZIA]
DEBUG: Lista de MACs 'MACs Autenticados NDS (Atuais)': [VAZIA]
DEBUG: Lista de MACs 'MACs Associados WiFi (Atuais)': [VAZIA]
DEBUG: Lista de MACs 'MACs Efetivamente Ativos ATUAIS (NDS+WiFi)': [VAZIA]
------------------------------------------------------
INFO: Iniciando executar_calculo_uptime_geral...
DEBUG: Lista de MACs 'MACs Únicos para Relatório': [VAZIA]
INFO: Escrevendo relatório final em /home/victo/codigo-c/csv/relatorio_usuarios_C.csv
INFO: executar_calculo_uptime_geral concluído.
------------------------------------------------------
[2025-05-22 23:07:02] --- Ciclo de execução concluído. Aguardando 60 segundos... ---

[2025-05-22 23:08:02] --- Iniciando ciclo de execução ---
INFO: Executando monitor_activity_single_run em 2025-05-22 23:08:02
DEBUG: Lista de MACs 'MACs Efetivamente Ativos ANTERIORES': [VAZIA]
DEBUG: Lista de MACs 'MACs Autenticados NDS (Atuais)': [VAZIA]
DEBUG: Lista de MACs 'MACs Associados WiFi (Atuais)': [VAZIA]
DEBUG: Lista de MACs 'MACs Efetivamente Ativos ATUAIS (NDS+WiFi)': [VAZIA]
------------------------------------------------------
INFO: Iniciando executar_calculo_uptime_geral...
DEBUG: Lista de MACs 'MACs Únicos para Relatório': [VAZIA]
INFO: Escrevendo relatório final em /home/victo/codigo-c/csv/relatorio_usuarios_C.csv
INFO: executar_calculo_uptime_geral concluído.
------------------------------------------------------
[2025-05-22 23:08:02] --- Ciclo de execução concluído. Aguardando 60 segundos... ---

[2025-05-22 23:09:02] --- Iniciando ciclo de execução ---
INFO: Executando monitor_activity_single_run em 2025-05-22 23:09:02
DEBUG: Lista de MACs 'MACs Efetivamente Ativos ANTERIORES': [VAZIA]
DEBUG: Lista de MACs 'MACs Autenticados NDS (Atuais)': [VAZIA]
DEBUG: Lista de MACs 'MACs Associados WiFi (Atuais)': [VAZIA]
DEBUG: Lista de MACs 'MACs Efetivamente Ativos ATUAIS (NDS+WiFi)': [VAZIA]
------------------------------------------------------
INFO: Iniciando executar_calculo_uptime_geral...
DEBUG: Lista de MACs 'MACs Únicos para Relatório': [VAZIA]
INFO: Escrevendo relatório final em /home/victo/codigo-c/csv/relatorio_usuarios_C.csv
INFO: executar_calculo_uptime_geral concluído.
------------------------------------------------------
[2025-05-22 23:09:02] --- Ciclo de execução concluído. Aguardando 60 segundos... ---

[2025-05-22 23:10:02] --- Iniciando ciclo de execução ---
INFO: Executando monitor_activity_single_run em 2025-05-22 23:10:02
DEBUG: Lista de MACs 'MACs Efetivamente Ativos ANTERIORES': [VAZIA]
DEBUG: Lista de MACs 'MACs Autenticados NDS (Atuais)': [VAZIA]
DEBUG: Lista de MACs 'MACs Associados WiFi (Atuais)': [VAZIA]
DEBUG: Lista de MACs 'MACs Efetivamente Ativos ATUAIS (NDS+WiFi)': [VAZIA]
------------------------------------------------------
INFO: Iniciando executar_calculo_uptime_geral...
DEBUG: Lista de MACs 'MACs Únicos para Relatório': [VAZIA]
INFO: Escrevendo relatório final em /home/victo/codigo-c/csv/relatorio_usuarios_C.csv
INFO: executar_calculo_uptime_geral concluído.
------------------------------------------------------
[2025-05-22 23:10:02] --- Ciclo de execução concluído. Aguardando 60 segundos... ---

[2025-05-22 23:11:02] --- Iniciando ciclo de execução ---
INFO: Executando monitor_activity_single_run em 2025-05-22 23:11:02
DEBUG: Lista de MACs 'MACs Efetivamente Ativos ANTERIORES': [VAZIA]
DEBUG: Lista de MACs 'MACs Autenticados NDS (Atuais)': [VAZIA]
DEBUG: Lista de MACs 'MACs Associados WiFi (Atuais)': [VAZIA]
DEBUG: Lista de MACs 'MACs Efetivamente Ativos ATUAIS (NDS+WiFi)': [VAZIA]
------------------------------------------------------
INFO: Iniciando executar_calculo_uptime_geral...
DEBUG: Lista de MACs 'MACs Únicos para Relatório': [VAZIA]
INFO:ERRO: Não foi possível abrir /tmp/nodogsplash_debug/dados_completos.csv para ler dados base dos usuários.
AVISO: Nenhum dado base de usuário carregado. O relatório pode estar vazio ou incompleto.
ERRO: Não foi possível abrir /tmp/nodogsplash_debug/dados_completos.csv para ler dados base dos usuários.
AVISO: Nenhum dado base de usuário carregado. O relatório pode estar vazio ou incompleto.
ERRO: Não foi possível abrir /tmp/nodogsplash_debug/dados_completos.csv para ler dados base dos usuários.
AVISO: Nenhum dado base de usuário carregado. O relatório pode estar vazio ou incompleto.
ERRO: Não foi possível abrir /tmp/nodogsplash_debug/dados_completos.csv para ler dados base dos usuários.
AVISO: Nenhum dado base de usuário carregado. O relatório pode estar vazio ou incompleto.
 Escrevendo relatório final em /home/victo/codigo-c/csv/relatorio_usuarios_C.csv
INFO: executar_calculo_uptime_geral concluído.
------------------------------------------------------
[2025-05-22 23:06:02] --- Ciclo de execução concluído. Aguardando 60 segundos... ---

[2025-05-22 23:07:02] --- Iniciando ciclo de execução ---
INFO: Executando monitor_activity_single_run em 2025-05-22 23:07:02
DEBUG: Lista de MACs 'MACs Efetivamente Ativos ANTERIORES': [VAZIA]
DEBUG: Lista de MACs 'MACs Autenticados NDS (Atuais)': [VAZIA]
DEBUG: Lista de MACs 'MACs Associados WiFi (Atuais)': [VAZIA]
DEBUG: Lista de MACs 'MACs Efetivamente Ativos ATUAIS (NDS+WiFi)': [VAZIA]
------------------------------------------------------
INFO: Iniciando executar_calculo_uptime_geral...
DEBUG: Lista de MACs 'MACs Únicos para Relatório': [VAZIA]
INFO: Escrevendo relatório final em /home/victo/codigo-c/csv/relatorio_usuarios_C.csv
INFO: executar_calculo_uptime_geral concluído.
------------------------------------------------------
[2025-05-22 23:07:02] --- Ciclo de execução concluído. Aguardando 60 segundos... ---

[2025-05-22 23:08:02] --- Iniciando ciclo de execução ---
INFO: Executando monitor_activity_single_run em 2025-05-22 23:08:02
DEBUG: Lista de MACs 'MACs Efetivamente Ativos ANTERIORES': [VAZIA]
DEBUG: Lista de MACs 'MACs Autenticados NDS (Atuais)': [VAZIA]
DEBUG: Lista de MACs 'MACs Associados WiFi (Atuais)': [VAZIA]
DEBUG: Lista de MACs 'MACs Efetivamente Ativos ATUAIS (NDS+WiFi)': [VAZIA]
------------------------------------------------------
INFO: Iniciando executar_calculo_uptime_geral...
DEBUG: Lista de MACs 'MACs Únicos para Relatório': [VAZIA]
INFO: Escrevendo relatório final em /home/victo/codigo-c/csv/relatorio_usuarios_C.csv
INFO: executar_calculo_uptime_geral concluído.
------------------------------------------------------
[2025-05-22 23:08:02] --- Ciclo de execução concluído. Aguardando 60 segundos... ---

[2025-05-22 23:09:02] --- Iniciando ciclo de execução ---
INFO: Executando monitor_activity_single_run em 2025-05-22 23:09:02
DEBUG: Lista de MACs 'MACs Efetivamente Ativos ANTERIORES': [VAZIA]
DEBUG: Lista de MACs 'MACs Autenticados NDS (Atuais)': [VAZIA]
DEBUG: Lista de MACs 'MACs Associados WiFi (Atuais)': [VAZIA]
DEBUG: Lista de MACs 'MACs Efetivamente Ativos ATUAIS (NDS+WiFi)': [VAZIA]
------------------------------------------------------
INFO: Iniciando executar_calculo_uptime_geral...
DEBUG: Lista de MACs 'MACs Únicos para Relatório': [VAZIA]
INFO: Escrevendo relatório final em /home/victo/codigo-c/csv/relatorio_usuarios_C.csv
INFO: executar_calculo_uptime_geral concluído.
------------------------------------------------------
[2025-05-22 23:09:03] --- Ciclo de execução concluído. Aguardando 60 segundos... ---

[2025-05-22 23:10:03] --- Iniciando ciclo de execução ---
INFO: Executando monitor_activity_single_run em 2025-05-22 23:10:03
DEBUG: Lista de MACs 'MACs Efetivamente Ativos ANTERIORES': [VAZIA]
DEBUG: Lista de MACs 'MACs Autenticados NDS (Atuais)': [VAZIA]
DEBUG: Lista de MACs 'MACs Associados WiFi (Atuais)': [VAZIA]
DEBUG: Lista de MACs 'MACs Efetivamente Ativos ATUAIS (NDS+WiFi)': [VAZIA]
------------------------------------------------------
INFO: Iniciando executar_calculo_uptime_geral...
DEBUG: Lista de MACs 'MACs Únicos para Relatório': [VAZIA]
INFO: Escrevendo relatório final em /home/victo/codigo-c/csv/relatorio_usuarios_C.csv
INFO: executar_calculo_uptime_geral concluído.
------------------------------------------------------
[2025-05-22 23:10:03] --- Ciclo de execução concluído. Aguardando 60 segundos... ---

[2025-05-22 23:11:03] --- Iniciando ciclo de execução ---
INFO: Executando monitor_activity_single_run em 2025-05-22 23:11:03
DEBUG: Lista de MACs 'MACs Efetivamente Ativos ANTERIORES': [VAZIA]
DEBUG: Lista de MACs 'MACs Autenticados NDS (Atuais)': [VAZIA]
DEBUG: Lista de MACs 'MACs Associados WiFi (Atuais)': [VAZIA]
DEBUG: Lista de MACs 'MACs Efetivamente Ativos ATUAIS (NDS+WiFi)': [VAZIA]
------------------------------------------------------
INFO: IniciERRO: Não foi possível abrir /tmp/nodogsplash_debug/dados_completos.csv para ler dados base dos usuários.
AVISO: Nenhum dado base de usuário carregado. O relatório pode estar vazio ou incompleto.
ERRO: Não foi possível abrir /tmp/nodogsplash_debug/dados_completos.csv para ler dados base dos usuários.
AVISO: Nenhum dado base de usuário carregado. O relatório pode estar vazio ou incompleto.
ERRO: Não foi possível abrir /tmp/nodogsplash_debug/dados_completos.csv para ler dados base dos usuários.
AVISO: Nenhum dado base de usuário carregado. O relatório pode estar vazio ou incompleto.
ERRO: Não foi possível abrir /tmp/nodogsplash_debug/dados_completos.csv para ler dados base dos usuários.
AVISO: Nenhum dado base de usuário carregado. O relatório pode estar vazio ou incompleto.
Iniciando Servico C de Monitoramento e Relatório Nodogsplash...

[2025-05-22 23:08:01] --- Iniciando ciclo de execução ---
INFO: Executando monitor_activity_single_run em 2025-05-22 23:08:01
DEBUG: Lista de MACs 'MACs Efetivamente Ativos ANTERIORES': [VAZIA]
DEBUG: Lista de MACs 'MACs Autenticados NDS (Atuais)': [VAZIA]
DEBUG: Lista de MACs 'MACs Associados WiFi (Atuais)': [VAZIA]
DEBUG: Lista de MACs 'MACs Efetivamente Ativos ATUAIS (NDS+WiFi)': [VAZIA]
------------------------------------------------------
INFO: Iniciando executar_calculo_uptime_geral...
DEBUG: Lista de MACs 'MACs Únicos para Relatório': [VAZIA]
INFO: Escrevendo relatório final em /home/victo/codigo-c/csv/relatorio_usuarios_C.csv
INFO: executar_calculo_uptime_geral concluído.
------------------------------------------------------
[2025-05-22 23:08:01] --- Ciclo de execução concluído. Aguardando 60 segundos... ---

[2025-05-22 23:09:01] --- Iniciando ciclo de execução ---
INFO: Executando monitor_activity_single_run em 2025-05-22 23:09:01
DEBUG: Lista de MACs 'MACs Efetivamente Ativos ANTERIORES': [VAZIA]
DEBUG: Lista de MACs 'MACs Autenticados NDS (Atuais)': [VAZIA]
DEBUG: Lista de MACs 'MACs Associados WiFi (Atuais)': [VAZIA]
DEBUG: Lista de MACs 'MACs Efetivamente Ativos ATUAIS (NDS+WiFi)': [VAZIA]
------------------------------------------------------
INFO: Iniciando executar_calculo_uptime_geral...
DEBUG: Lista de MACs 'MACs Únicos para Relatório': [VAZIA]
INFO: Escrevendo relatório final em /home/victo/codigo-c/csv/relatorio_usuarios_C.csv
INFO: executar_calculo_uptime_geral concluído.
------------------------------------------------------
[2025-05-22 23:09:01] --- Ciclo de execução concluído. Aguardando 60 segundos... ---

[2025-05-22 23:10:01] --- Iniciando ciclo de execução ---
INFO: Executando monitor_activity_single_run em 2025-05-22 23:10:01
DEBUG: Lista de MACs 'MACs Efetivamente Ativos ANTERIORES': [VAZIA]
DEBUG: Lista de MACs 'MACs Autenticados NDS (Atuais)': [VAZIA]
DEBUG: Lista de MACs 'MACs Associados WiFi (Atuais)': [VAZIA]
DEBUG: Lista de MACs 'MACs Efetivamente Ativos ATUAIS (NDS+WiFi)': [VAZIA]
------------------------------------------------------
INFO: Iniciando executar_calculo_uptime_geral...
DEBUG: Lista de MACs 'MACs Únicos para Relatório': [VAZIA]
INFO: Escrevendo relatório final em /home/victo/codigo-c/csv/relatorio_usuarios_C.csv
INFO: executar_calculo_uptime_geral concluído.
------------------------------------------------------
[2025-05-22 23:10:01] --- Ciclo de execução concluído. Aguardando 60 segundos... ---

[2025-05-22 23:11:01] --- Iniciando ciclo de execução ---
INFO: Executando monitor_activity_single_run em 2025-05-22 23:11:01
DEBUG: Lista de MACs 'MACs Efetivamente Ativos ANTERIORES': [VAZIA]
DEBUG: Lista de MACs 'MACs Autenticados NDS (Atuais)': [VAZIA]
DEBUG: Lista de MACs 'MACs Associados WiFi (Atuais)': [VAZIA]
DEBUG: Lista de MACs 'MACs Efetivamente Ativos ATUAIS (NDS+WiFi)': [VAZIA]
------------------------------------------------------
INFO: Iniciando executar_calculo_uptime_geral...
DEBUG: Lista de MACs 'MACs Únicos para Relatório': [VAZIA]
INFO: Escrevendo relatório final em /home/victo/codigo-c/csv/relatorio_usuarios_C.csv
INFO: executar_calculo_uptime_geral concluído.
------------------------------------------------------
[2025-05-22 23:11:02] --- Ciclo de execução concluído. Aguardando 60 segundos... ---

[2025-05-22 23:12:02] --- Iniciando ciclo de execução ---
INFO: Executando monitor_activity_single_run em 2025-05-22 23:12:02
DEBUG: Lista de MACs 'MACs Efetivamente Ativos ANTERIORES': [VAZIA]
DEBUG: Lista de MACs 'MACs Autenticados NDS (Atuais)': [VAZIA]
DEBUG: Lista de MACs 'MACs Associados WiFi (Atuais)': [VAZIA]
DEBUG: Lista de MACs 'MACs Efetivamente Ativos ATUAIS (NDS+WiFi)': [VAZIA]
------------------------------------------------------
INFO: Iniciando executar_calculo_uptime_geral...
DEBUG: Lista de MACs 'MACs Únicos para Relatório': [VAZIA]
INFO: Escrevendo relatório final em /home/victo/codigo-c/csv/relatorio_usuarios_C.csv
INFO: executar_calculoERRO: Não foi possível abrir /tmp/nodogsplash_debug/dados_completos.csv para ler dados base dos usuários.
AVISO: Nenhum dado base de usuário carregado. O relatório pode estar vazio ou incompleto.
ERRO: Não foi possível abrir /tmp/nodogsplash_debug/dados_completos.csv para ler dados base dos usuários.
AVISO: Nenhum dado base de usuário carregado. O relatório pode estar vazio ou incompleto.
ERRO: Não foi possível abrir /tmp/nodogsplash_debug/dados_completos.csv para ler dados base dos usuários.
AVISO: Nenhum dado base de usuário carregado. O relatório pode estar vazio ou incompleto.
ERRO: Não foi possível abrir /tmp/nodogsplash_debug/dados_completos.csv para ler dados base dos usuários.
AVISO: Nenhum dado base de usuário carregado. O relatório pode estar vazio ou incompleto.
ERRO: Não foi possível abrir /tmp/nodogsplash_debug/dados_completos.csv para ler dados base dos usuários.
AVISO: Nenhum dado base de usuário carregado. O relatório pode estar vazio ou incompleto.
_uptime_geral concluído.
------------------------------------------------------
[2025-05-22 23:07:02] --- Ciclo de execução concluído. Aguardando 60 segundos... ---

[2025-05-22 23:08:02] --- Iniciando ciclo de execução ---
INFO: Executando monitor_activity_single_run em 2025-05-22 23:08:02
DEBUG: Lista de MACs 'MACs Efetivamente Ativos ANTERIORES': [VAZIA]
DEBUG: Lista de MACs 'MACs Autenticados NDS (Atuais)': [VAZIA]
DEBUG: Lista de MACs 'MACs Associados WiFi (Atuais)': [VAZIA]
DEBUG: Lista de MACs 'MACs Efetivamente Ativos ATUAIS (NDS+WiFi)': [VAZIA]
------------------------------------------------------
INFO: Iniciando executar_calculo_uptime_geral...
DEBUG: Lista de MACs 'MACs Únicos para Relatório': [VAZIA]
INFO: Escrevendo relatório final em /home/victo/codigo-c/csv/relatorio_usuarios_C.csv
INFO: executar_calculo_uptime_geral concluído.
------------------------------------------------------
[2025-05-22 23:08:02] --- Ciclo de execução concluído. Aguardando 60 segundos... ---

[2025-05-22 23:09:02] --- Iniciando ciclo de execução ---
INFO: Executando monitor_activity_single_run em 2025-05-22 23:09:02
DEBUG: Lista de MACs 'MACs Efetivamente Ativos ANTERIORES': [VAZIA]
DEBUG: Lista de MACs 'MACs Autenticados NDS (Atuais)': [VAZIA]
DEBUG: Lista de MACs 'MACs Associados WiFi (Atuais)': [VAZIA]
DEBUG: Lista de MACs 'MACs Efetivamente Ativos ATUAIS (NDS+WiFi)': [VAZIA]
------------------------------------------------------
INFO: Iniciando executar_calculo_uptime_geral...
DEBUG: Lista de MACs 'MACs Únicos para Relatório': [VAZIA]
INFO: Escrevendo relatório final em /home/victo/codigo-c/csv/relatorio_usuarios_C.csv
INFO: executar_calculo_uptime_geral concluído.
------------------------------------------------------
[2025-05-22 23:09:02] --- Ciclo de execução concluído. Aguardando 60 segundos... ---

[2025-05-22 23:10:02] --- Iniciando ciclo de execução ---
INFO: Executando monitor_activity_single_run em 2025-05-22 23:10:02
DEBUG: Lista de MACs 'MACs Efetivamente Ativos ANTERIORES': [VAZIA]
DEBUG: Lista de MACs 'MACs Autenticados NDS (Atuais)': [VAZIA]
DEBUG: Lista de MACs 'MACs Associados WiFi (Atuais)': [VAZIA]
DEBUG: Lista de MACs 'MACs Efetivamente Ativos ATUAIS (NDS+WiFi)': [VAZIA]
------------------------------------------------------
INFO: Iniciando executar_calculo_uptime_geral...
DEBUG: Lista de MACs 'MACs Únicos para Relatório': [VAZIA]
INFO: Escrevendo relatório final em /home/victo/codigo-c/csv/relatorio_usuarios_C.csv
INFO: executar_calculo_uptime_geral concluído.
------------------------------------------------------
[2025-05-22 23:10:02] --- Ciclo de execução concluído. Aguardando 60 segundos... ---

[2025-05-22 23:11:02] --- Iniciando ciclo de execução ---
INFO: Executando monitor_activity_single_run em 2025-05-22 23:11:02
DEBUG: Lista de MACs 'MACs Efetivamente Ativos ANTERIORES': [VAZIA]
DEBUG: Lista de MACs 'MACs Autenticados NDS (Atuais)': [VAZIA]
DEBUG: Lista de MACs 'MACs Associados WiFi (Atuais)': [VAZIA]
DEBUG: Lista de MACs 'MACs Efetivamente Ativos ATUAIS (NDS+WiFi)': [VAZIA]
------------------------------------------------------
INFO: Iniciando executar_calculo_uptime_geral...
DEBUG: Lista de MACs 'MACs Únicos para Relatório': [VAZIA]
INFO: Escrevendo relatório final em /home/victo/codigo-c/csv/relatorio_usuarios_C.csv
INFO: executar_calculo_uptime_geral concluído.
------------------------------------------------------
[2025-05-22 23:11:02] --- Ciclo de execução concluído. Aguardando 60 segundos... ---

[2025-05-22 23:12:02] --- Iniciando ciclo de execução ---
INFO: Executando monitor_activity_single_run em 2025-05-22 23:12:02
DEBUG: Lista de MACs 'MACs Efetivamente Ativos ANTERIORES': [VAZIA]
DEBUG: Lista de MACs 'MACs Autenticados NDS (Atuais)': [VAZIA]
DEBUG: Lista de MACs 'MACs Associados WiFi (Atuais)': [VAZIA]
DEBUG: Lista de MACs 'MACs Efetivamente Ativos ATUAIS (NDS+WiFi)': [VAZIA]
------------------------------------------------------
INFO: Iniciando executar_calculo_uptime_geral...
DEBUG: Lista de MACs 'MACs Únicos para Relatório': [VAZIA]
INFO:ERRO: Não foi possível abrir /tmp/nodogsplash_debug/dados_completos.csv para ler dados base dos usuários.
AVISO: Nenhum dado base de usuário carregado. O relatório pode estar vazio ou incompleto.
ERRO: Não foi possível abrir /tmp/nodogsplash_debug/dados_completos.csv para ler dados base dos usuários.
AVISO: Nenhum dado base de usuário carregado. O relatório pode estar vazio ou incompleto.
ERRO: Não foi possível abrir /tmp/nodogsplash_debug/dados_completos.csv para ler dados base dos usuários.
AVISO: Nenhum dado base de usuário carregado. O relatório pode estar vazio ou incompleto.
ERRO: Não foi possível abrir /tmp/nodogsplash_debug/dados_completos.csv para ler dados base dos usuários.
AVISO: Nenhum dado base de usuário carregado. O relatório pode estar vazio ou incompleto.
 Escrevendo relatório final em /home/victo/codigo-c/csv/relatorio_usuarios_C.csv
INFO: executar_calculo_uptime_geral concluído.
------------------------------------------------------
[2025-05-22 23:07:02] --- Ciclo de execução concluído. Aguardando 60 segundos... ---

[2025-05-22 23:08:02] --- Iniciando ciclo de execução ---
INFO: Executando monitor_activity_single_run em 2025-05-22 23:08:02
DEBUG: Lista de MACs 'MACs Efetivamente Ativos ANTERIORES': [VAZIA]
DEBUG: Lista de MACs 'MACs Autenticados NDS (Atuais)': [VAZIA]
DEBUG: Lista de MACs 'MACs Associados WiFi (Atuais)': [VAZIA]
DEBUG: Lista de MACs 'MACs Efetivamente Ativos ATUAIS (NDS+WiFi)': [VAZIA]
------------------------------------------------------
INFO: Iniciando executar_calculo_uptime_geral...
DEBUG: Lista de MACs 'MACs Únicos para Relatório': [VAZIA]
INFO: Escrevendo relatório final em /home/victo/codigo-c/csv/relatorio_usuarios_C.csv
INFO: executar_calculo_uptime_geral concluído.
------------------------------------------------------
[2025-05-22 23:08:02] --- Ciclo de execução concluído. Aguardando 60 segundos... ---

[2025-05-22 23:09:02] --- Iniciando ciclo de execução ---
INFO: Executando monitor_activity_single_run em 2025-05-22 23:09:02
DEBUG: Lista de MACs 'MACs Efetivamente Ativos ANTERIORES': [VAZIA]
DEBUG: Lista de MACs 'MACs Autenticados NDS (Atuais)': [VAZIA]
DEBUG: Lista de MACs 'MACs Associados WiFi (Atuais)': [VAZIA]
DEBUG: Lista de MACs 'MACs Efetivamente Ativos ATUAIS (NDS+WiFi)': [VAZIA]
------------------------------------------------------
INFO: Iniciando executar_calculo_uptime_geral...
DEBUG: Lista de MACs 'MACs Únicos para Relatório': [VAZIA]
INFO: Escrevendo relatório final em /home/victo/codigo-c/csv/relatorio_usuarios_C.csv
INFO: executar_calculo_uptime_geral concluído.
------------------------------------------------------
[2025-05-22 23:09:02] --- Ciclo de execução concluído. Aguardando 60 segundos... ---

[2025-05-22 23:10:02] --- Iniciando ciclo de execução ---
INFO: Executando monitor_activity_single_run em 2025-05-22 23:10:02
DEBUG: Lista de MACs 'MACs Efetivamente Ativos ANTERIORES': [VAZIA]
DEBUG: Lista de MACs 'MACs Autenticados NDS (Atuais)': [VAZIA]
DEBUG: Lista de MACs 'MACs Associados WiFi (Atuais)': [VAZIA]
DEBUG: Lista de MACs 'MACs Efetivamente Ativos ATUAIS (NDS+WiFi)': [VAZIA]
------------------------------------------------------
INFO: Iniciando executar_calculo_uptime_geral...
DEBUG: Lista de MACs 'MACs Únicos para Relatório': [VAZIA]
INFO: Escrevendo relatório final em /home/victo/codigo-c/csv/relatorio_usuarios_C.csv
INFO: executar_calculo_uptime_geral concluído.
------------------------------------------------------
[2025-05-22 23:10:02] --- Ciclo de execução concluído. Aguardando 60 segundos... ---

[2025-05-22 23:11:02] --- Iniciando ciclo de execução ---
INFO: Executando monitor_activity_single_run em 2025-05-22 23:11:02
DEBUG: Lista de MACs 'MACs Efetivamente Ativos ANTERIORES': [VAZIA]
DEBUG: Lista de MACs 'MACs Autenticados NDS (Atuais)': [VAZIA]
DEBUG: Lista de MACs 'MACs Associados WiFi (Atuais)': [VAZIA]
DEBUG: Lista de MACs 'MACs Efetivamente Ativos ATUAIS (NDS+WiFi)': [VAZIA]
------------------------------------------------------
INFO: Iniciando executar_calculo_uptime_geral...
DEBUG: Lista de MACs 'MACs Únicos para Relatório': [VAZIA]
INFO: Escrevendo relatório final em /home/victo/codigo-c/csv/relatorio_usuarios_C.csv
INFO: executar_calculo_uptime_geral concluído.
------------------------------------------------------
[2025-05-22 23:11:03] --- Ciclo de execução concluído. Aguardando 60 segundos... ---

[2025-05-22 23:12:03] --- Iniciando ciclo de execução ---
INFO: Executando monitor_activity_single_run em 2025-05-22 23:12:03
DEBUG: Lista de MACs 'MACs Efetivamente Ativos ANTERIORES': [VAZIA]
DEBUG: Lista de MACs 'MACs Autenticados NDS (Atuais)': [VAZIA]
DEBUG: Lista de MACs 'MACs Associados WiFi (Atuais)': [VAZIA]
DEBUG: Lista de MACs 'MACs Efetivamente Ativos ATUAIS (NDS+WiFi)': [VAZIA]
------------------------------------------------------
INFO: IniciERRO: Não foi possível abrir /tmp/nodogsplash_debug/dados_completos.csv para ler dados base dos usuários.
AVISO: Nenhum dado base de usuário carregado. O relatório pode estar vazio ou incompleto.
ERRO: Não foi possível abrir /tmp/nodogsplash_debug/dados_completos.csv para ler dados base dos usuários.
AVISO: Nenhum dado base de usuário carregado. O relatório pode estar vazio ou incompleto.
ERRO: Não foi possível abrir /tmp/nodogsplash_debug/dados_completos.csv para ler dados base dos usuários.
AVISO: Nenhum dado base de usuário carregado. O relatório pode estar vazio ou incompleto.
ERRO: Não foi possível abrir /tmp/nodogsplash_debug/dados_completos.csv para ler dados base dos usuários.
AVISO: Nenhum dado base de usuário carregado. O relatório pode estar vazio ou incompleto.
Iniciando Servico C de Monitoramento e Relatório Nodogsplash...

[2025-05-22 23:09:01] --- Iniciando ciclo de execução ---
INFO: Executando monitor_activity_single_run em 2025-05-22 23:09:01
DEBUG: Lista de MACs 'MACs Efetivamente Ativos ANTERIORES': [VAZIA]
DEBUG: Lista de MACs 'MACs Autenticados NDS (Atuais)': [VAZIA]
DEBUG: Lista de MACs 'MACs Associados WiFi (Atuais)': [VAZIA]
DEBUG: Lista de MACs 'MACs Efetivamente Ativos ATUAIS (NDS+WiFi)': [VAZIA]
------------------------------------------------------
INFO: Iniciando executar_calculo_uptime_geral...
DEBUG: Lista de MACs 'MACs Únicos para Relatório': [VAZIA]
INFO: Escrevendo relatório final em /home/victo/codigo-c/csv/relatorio_usuarios_C.csv
INFO: executar_calculo_uptime_geral concluído.
------------------------------------------------------
[2025-05-22 23:09:01] --- Ciclo de execução concluído. Aguardando 60 segundos... ---

[2025-05-22 23:10:01] --- Iniciando ciclo de execução ---
INFO: Executando monitor_activity_single_run em 2025-05-22 23:10:01
DEBUG: Lista de MACs 'MACs Efetivamente Ativos ANTERIORES': [VAZIA]
DEBUG: Lista de MACs 'MACs Autenticados NDS (Atuais)': [VAZIA]
DEBUG: Lista de MACs 'MACs Associados WiFi (Atuais)': [VAZIA]
DEBUG: Lista de MACs 'MACs Efetivamente Ativos ATUAIS (NDS+WiFi)': [VAZIA]
------------------------------------------------------
INFO: Iniciando executar_calculo_uptime_geral...
DEBUG: Lista de MACs 'MACs Únicos para Relatório': [VAZIA]
INFO: Escrevendo relatório final em /home/victo/codigo-c/csv/relatorio_usuarios_C.csv
INFO: executar_calculo_uptime_geral concluído.
------------------------------------------------------
[2025-05-22 23:10:01] --- Ciclo de execução concluído. Aguardando 60 segundos... ---

[2025-05-22 23:11:01] --- Iniciando ciclo de execução ---
INFO: Executando monitor_activity_single_run em 2025-05-22 23:11:01
DEBUG: Lista de MACs 'MACs Efetivamente Ativos ANTERIORES': [VAZIA]
DEBUG: Lista de MACs 'MACs Autenticados NDS (Atuais)': [VAZIA]
DEBUG: Lista de MACs 'MACs Associados WiFi (Atuais)': [VAZIA]
DEBUG: Lista de MACs 'MACs Efetivamente Ativos ATUAIS (NDS+WiFi)': [VAZIA]
------------------------------------------------------
INFO: Iniciando executar_calculo_uptime_geral...
DEBUG: Lista de MACs 'MACs Únicos para Relatório': [VAZIA]
INFO: Escrevendo relatório final em /home/victo/codigo-c/csv/relatorio_usuarios_C.csv
INFO: executar_calculo_uptime_geral concluído.
------------------------------------------------------
[2025-05-22 23:11:02] --- Ciclo de execução concluído. Aguardando 60 segundos... ---

[2025-05-22 23:12:02] --- Iniciando ciclo de execução ---
INFO: Executando monitor_activity_single_run em 2025-05-22 23:12:02
DEBUG: Lista de MACs 'MACs Efetivamente Ativos ANTERIORES': [VAZIA]
DEBUG: Lista de MACs 'MACs Autenticados NDS (Atuais)': [VAZIA]
DEBUG: Lista de MACs 'MACs Associados WiFi (Atuais)': [VAZIA]
DEBUG: Lista de MACs 'MACs Efetivamente Ativos ATUAIS (NDS+WiFi)': [VAZIA]
------------------------------------------------------
INFO: Iniciando executar_calculo_uptime_geral...
DEBUG: Lista de MACs 'MACs Únicos para Relatório': [VAZIA]
INFO: Escrevendo relatório final em /home/victo/codigo-c/csv/relatorio_usuarios_C.csv
INFO: executar_calculo_uptime_geral concluído.
------------------------------------------------------
[2025-05-22 23:12:02] --- Ciclo de execução concluído. Aguardando 60 segundos... ---

[2025-05-22 23:13:02] --- Iniciando ciclo de execução ---
INFO: Executando monitor_activity_single_run em 2025-05-22 23:13:02
DEBUG: Lista de MACs 'MACs Efetivamente Ativos ANTERIORES': [VAZIA]
DEBUG: Lista de MACs 'MACs Autenticados NDS (Atuais)': [VAZIA]
DEBUG: Lista de MACs 'MACs Associados WiFi (Atuais)': [VAZIA]
DEBUG: Lista de MACs 'MACs Efetivamente Ativos ATUAIS (NDS+WiFi)': [VAZIA]
------------------------------------------------------
INFO: Iniciando executar_calculo_uptime_geral...
DEBUG: Lista de MACs 'MACs Únicos para Relatório': [VAZIA]
INFO: Escrevendo relatório final em /home/victo/codigo-c/csv/relatorio_usuarios_C.csv
INFO: executar_calculoERRO: Não foi possível abrir /tmp/nodogsplash_debug/dados_completos.csv para ler dados base dos usuários.
AVISO: Nenhum dado base de usuário carregado. O relatório pode estar vazio ou incompleto.
ERRO: Não foi possível abrir /tmp/nodogsplash_debug/dados_completos.csv para ler dados base dos usuários.
AVISO: Nenhum dado base de usuário carregado. O relatório pode estar vazio ou incompleto.
ERRO: Não foi possível abrir /tmp/nodogsplash_debug/dados_completos.csv para ler dados base dos usuários.
AVISO: Nenhum dado base de usuário carregado. O relatório pode estar vazio ou incompleto.
ERRO: Não foi possível abrir /tmp/nodogsplash_debug/dados_completos.csv para ler dados base dos usuários.
AVISO: Nenhum dado base de usuário carregado. O relatório pode estar vazio ou incompleto.
ERRO: Não foi possível abrir /tmp/nodogsplash_debug/dados_completos.csv para ler dados base dos usuários.
AVISO: Nenhum dado base de usuário carregado. O relatório pode estar vazio ou incompleto.
_uptime_geral concluído.
------------------------------------------------------
[2025-05-22 23:08:02] --- Ciclo de execução concluído. Aguardando 60 segundos... ---

[2025-05-22 23:09:02] --- Iniciando ciclo de execução ---
INFO: Executando monitor_activity_single_run em 2025-05-22 23:09:02
DEBUG: Lista de MACs 'MACs Efetivamente Ativos ANTERIORES': [VAZIA]
DEBUG: Lista de MACs 'MACs Autenticados NDS (Atuais)': [VAZIA]
DEBUG: Lista de MACs 'MACs Associados WiFi (Atuais)': [VAZIA]
DEBUG: Lista de MACs 'MACs Efetivamente Ativos ATUAIS (NDS+WiFi)': [VAZIA]
------------------------------------------------------
INFO: Iniciando executar_calculo_uptime_geral...
DEBUG: Lista de MACs 'MACs Únicos para Relatório': [VAZIA]
INFO: Escrevendo relatório final em /home/victo/codigo-c/csv/relatorio_usuarios_C.csv
INFO: executar_calculo_uptime_geral concluído.
------------------------------------------------------
[2025-05-22 23:09:02] --- Ciclo de execução concluído. Aguardando 60 segundos... ---

[2025-05-22 23:10:02] --- Iniciando ciclo de execução ---
INFO: Executando monitor_activity_single_run em 2025-05-22 23:10:02
DEBUG: Lista de MACs 'MACs Efetivamente Ativos ANTERIORES': [VAZIA]
DEBUG: Lista de MACs 'MACs Autenticados NDS (Atuais)': [VAZIA]
DEBUG: Lista de MACs 'MACs Associados WiFi (Atuais)': [VAZIA]
DEBUG: Lista de MACs 'MACs Efetivamente Ativos ATUAIS (NDS+WiFi)': [VAZIA]
------------------------------------------------------
INFO: Iniciando executar_calculo_uptime_geral...
DEBUG: Lista de MACs 'MACs Únicos para Relatório': [VAZIA]
INFO: Escrevendo relatório final em /home/victo/codigo-c/csv/relatorio_usuarios_C.csv
INFO: executar_calculo_uptime_geral concluído.
------------------------------------------------------
[2025-05-22 23:10:02] --- Ciclo de execução concluído. Aguardando 60 segundos... ---

[2025-05-22 23:11:02] --- Iniciando ciclo de execução ---
INFO: Executando monitor_activity_single_run em 2025-05-22 23:11:02
DEBUG: Lista de MACs 'MACs Efetivamente Ativos ANTERIORES': [VAZIA]
DEBUG: Lista de MACs 'MACs Autenticados NDS (Atuais)': [VAZIA]
DEBUG: Lista de MACs 'MACs Associados WiFi (Atuais)': [VAZIA]
DEBUG: Lista de MACs 'MACs Efetivamente Ativos ATUAIS (NDS+WiFi)': [VAZIA]
------------------------------------------------------
INFO: Iniciando executar_calculo_uptime_geral...
DEBUG: Lista de MACs 'MACs Únicos para Relatório': [VAZIA]
INFO: Escrevendo relatório final em /home/victo/codigo-c/csv/relatorio_usuarios_C.csv
INFO: executar_calculo_uptime_geral concluído.
------------------------------------------------------
[2025-05-22 23:11:02] --- Ciclo de execução concluído. Aguardando 60 segundos... ---

[2025-05-22 23:12:02] --- Iniciando ciclo de execução ---
INFO: Executando monitor_activity_single_run em 2025-05-22 23:12:02
DEBUG: Lista de MACs 'MACs Efetivamente Ativos ANTERIORES': [VAZIA]
DEBUG: Lista de MACs 'MACs Autenticados NDS (Atuais)': [VAZIA]
DEBUG: Lista de MACs 'MACs Associados WiFi (Atuais)': [VAZIA]
DEBUG: Lista de MACs 'MACs Efetivamente Ativos ATUAIS (NDS+WiFi)': [VAZIA]
------------------------------------------------------
INFO: Iniciando executar_calculo_uptime_geral...
DEBUG: Lista de MACs 'MACs Únicos para Relatório': [VAZIA]
INFO: Escrevendo relatório final em /home/victo/codigo-c/csv/relatorio_usuarios_C.csv
INFO: executar_calculo_uptime_geral concluído.
------------------------------------------------------
[2025-05-22 23:12:02] --- Ciclo de execução concluído. Aguardando 60 segundos... ---

[2025-05-22 23:13:02] --- Iniciando ciclo de execução ---
INFO: Executando monitor_activity_single_run em 2025-05-22 23:13:02
DEBUG: Lista de MACs 'MACs Efetivamente Ativos ANTERIORES': [VAZIA]
DEBUG: Lista de MACs 'MACs Autenticados NDS (Atuais)': [VAZIA]
DEBUG: Lista de MACs 'MACs Associados WiFi (Atuais)': [VAZIA]
DEBUG: Lista de MACs 'MACs Efetivamente Ativos ATUAIS (NDS+WiFi)': [VAZIA]
------------------------------------------------------
INFO: Iniciando executar_calculo_uptime_geral...
DEBUG: Lista de MACs 'MACs Únicos para Relatório': [VAZIA]
INFO:ERRO: Não foi possível abrir /tmp/nodogsplash_debug/dados_completos.csv para ler dados base dos usuários.
AVISO: Nenhum dado base de usuário carregado. O relatório pode estar vazio ou incompleto.
ERRO: Não foi possível abrir /tmp/nodogsplash_debug/dados_completos.csv para ler dados base dos usuários.
AVISO: Nenhum dado base de usuário carregado. O relatório pode estar vazio ou incompleto.
ERRO: Não foi possível abrir /tmp/nodogsplash_debug/dados_completos.csv para ler dados base dos usuários.
AVISO: Nenhum dado base de usuário carregado. O relatório pode estar vazio ou incompleto.
ERRO: Não foi possível abrir /tmp/nodogsplash_debug/dados_completos.csv para ler dados base dos usuários.
AVISO: Nenhum dado base de usuário carregado. O relatório pode estar vazio ou incompleto.
 Escrevendo relatório final em /home/victo/codigo-c/csv/relatorio_usuarios_C.csv
INFO: executar_calculo_uptime_geral concluído.
------------------------------------------------------
[2025-05-22 23:08:02] --- Ciclo de execução concluído. Aguardando 60 segundos... ---

[2025-05-22 23:09:02] --- Iniciando ciclo de execução ---
INFO: Executando monitor_activity_single_run em 2025-05-22 23:09:02
DEBUG: Lista de MACs 'MACs Efetivamente Ativos ANTERIORES': [VAZIA]
DEBUG: Lista de MACs 'MACs Autenticados NDS (Atuais)': [VAZIA]
DEBUG: Lista de MACs 'MACs Associados WiFi (Atuais)': [VAZIA]
DEBUG: Lista de MACs 'MACs Efetivamente Ativos ATUAIS (NDS+WiFi)': [VAZIA]
------------------------------------------------------
INFO: Iniciando executar_calculo_uptime_geral...
DEBUG: Lista de MACs 'MACs Únicos para Relatório': [VAZIA]
INFO: Escrevendo relatório final em /home/victo/codigo-c/csv/relatorio_usuarios_C.csv
INFO: executar_calculo_uptime_geral concluído.
------------------------------------------------------
[2025-05-22 23:09:02] --- Ciclo de execução concluído. Aguardando 60 segundos... ---

[2025-05-22 23:10:02] --- Iniciando ciclo de execução ---
INFO: Executando monitor_activity_single_run em 2025-05-22 23:10:02
DEBUG: Lista de MACs 'MACs Efetivamente Ativos ANTERIORES': [VAZIA]
DEBUG: Lista de MACs 'MACs Autenticados NDS (Atuais)': [VAZIA]
DEBUG: Lista de MACs 'MACs Associados WiFi (Atuais)': [VAZIA]
DEBUG: Lista de MACs 'MACs Efetivamente Ativos ATUAIS (NDS+WiFi)': [VAZIA]
------------------------------------------------------
INFO: Iniciando executar_calculo_uptime_geral...
DEBUG: Lista de MACs 'MACs Únicos para Relatório': [VAZIA]
INFO: Escrevendo relatório final em /home/victo/codigo-c/csv/relatorio_usuarios_C.csv
INFO: executar_calculo_uptime_geral concluído.
------------------------------------------------------
[2025-05-22 23:10:02] --- Ciclo de execução concluído. Aguardando 60 segundos... ---

[2025-05-22 23:11:02] --- Iniciando ciclo de execução ---
INFO: Executando monitor_activity_single_run em 2025-05-22 23:11:02
DEBUG: Lista de MACs 'MACs Efetivamente Ativos ANTERIORES': [VAZIA]
DEBUG: Lista de MACs 'MACs Autenticados NDS (Atuais)': [VAZIA]
DEBUG: Lista de MACs 'MACs Associados WiFi (Atuais)': [VAZIA]
DEBUG: Lista de MACs 'MACs Efetivamente Ativos ATUAIS (NDS+WiFi)': [VAZIA]
------------------------------------------------------
INFO: Iniciando executar_calculo_uptime_geral...
DEBUG: Lista de MACs 'MACs Únicos para Relatório': [VAZIA]
INFO: Escrevendo relatório final em /home/victo/codigo-c/csv/relatorio_usuarios_C.csv
INFO: executar_calculo_uptime_geral concluído.
------------------------------------------------------
[2025-05-22 23:11:02] --- Ciclo de execução concluído. Aguardando 60 segundos... ---

[2025-05-22 23:12:02] --- Iniciando ciclo de execução ---
INFO: Executando monitor_activity_single_run em 2025-05-22 23:12:02
DEBUG: Lista de MACs 'MACs Efetivamente Ativos ANTERIORES': [VAZIA]
DEBUG: Lista de MACs 'MACs Autenticados NDS (Atuais)': [VAZIA]
DEBUG: Lista de MACs 'MACs Associados WiFi (Atuais)': [VAZIA]
DEBUG: Lista de MACs 'MACs Efetivamente Ativos ATUAIS (NDS+WiFi)': [VAZIA]
------------------------------------------------------
INFO: Iniciando executar_calculo_uptime_geral...
DEBUG: Lista de MACs 'MACs Únicos para Relatório': [VAZIA]
INFO: Escrevendo relatório final em /home/victo/codigo-c/csv/relatorio_usuarios_C.csv
INFO: executar_calculo_uptime_geral concluído.
------------------------------------------------------
[2025-05-22 23:12:03] --- Ciclo de execução concluído. Aguardando 60 segundos... ---

[2025-05-22 23:13:03] --- Iniciando ciclo de execução ---
INFO: Executando monitor_activity_single_run em 2025-05-22 23:13:03
DEBUG: Lista de MACs 'MACs Efetivamente Ativos ANTERIORES': [VAZIA]
DEBUG: Lista de MACs 'MACs Autenticados NDS (Atuais)': [VAZIA]
DEBUG: Lista de MACs 'MACs Associados WiFi (Atuais)': [VAZIA]
DEBUG: Lista de MACs 'MACs Efetivamente Ativos ATUAIS (NDS+WiFi)': [VAZIA]
------------------------------------------------------
INFO: IniciERRO: Não foi possível abrir /tmp/nodogsplash_debug/dados_completos.csv para ler dados base dos usuários.
AVISO: Nenhum dado base de usuário carregado. O relatório pode estar vazio ou incompleto.
ERRO: Não foi possível abrir /tmp/nodogsplash_debug/dados_completos.csv para ler dados base dos usuários.
AVISO: Nenhum dado base de usuário carregado. O relatório pode estar vazio ou incompleto.
ERRO: Não foi possível abrir /tmp/nodogsplash_debug/dados_completos.csv para ler dados base dos usuários.
AVISO: Nenhum dado base de usuário carregado. O relatório pode estar vazio ou incompleto.
ERRO: Não foi possível abrir /tmp/nodogsplash_debug/dados_completos.csv para ler dados base dos usuários.
AVISO: Nenhum dado base de usuário carregado. O relatório pode estar vazio ou incompleto.
ERRO: Não foi possível abrir /tmp/nodogsplash_debug/dados_completos.csv para ler dados base dos usuários.
AVISO: Nenhum dado base de usuário carregado. O relatório pode estar vazio ou incompleto.
ERRO: Não foi possível abrir /tmp/nodogsplash_debug/dados_completos.csv para ler dados base dos usuários.
AVISO: Nenhum dado base de usuário carregado. O relatório pode estar vazio ou incompleto.
ERRO: Não foi possível abrir /tmp/nodogsplash_debug/dados_completos.csv para ler dados base dos usuários.
AVISO: Nenhum dado base de usuário carregado. O relatório pode estar vazio ou incompleto.
ERRO: Não foi possível abrir /tmp/nodogsplash_debug/dados_completos.csv para ler dados base dos usuários.
AVISO: Nenhum dado base de usuário carregado. O relatório pode estar vazio ou incompleto.
_uptime_geral concluído.
------------------------------------------------------
[2025-05-22 23:09:02] --- Ciclo de execução concluído. Aguardando 60 segundos... ---

[2025-05-22 23:10:02] --- Iniciando ciclo de execução ---
INFO: Executando monitor_activity_single_run em 2025-05-22 23:10:02
DEBUG: Lista de MACs 'MACs Efetivamente Ativos ANTERIORES': [VAZIA]
DEBUG: Lista de MACs 'MACs Autenticados NDS (Atuais)': [VAZIA]
DEBUG: Lista de MACs 'MACs Associados WiFi (Atuais)': [VAZIA]
DEBUG: Lista de MACs 'MACs Efetivamente Ativos ATUAIS (NDS+WiFi)': [VAZIA]
------------------------------------------------------
INFO: Iniciando executar_calculo_uptime_geral...
DEBUG: Lista de MACs 'MACs Únicos para Relatório': [VAZIA]
INFO: Escrevendo relatório final em /home/victo/codigo-c/csv/relatorio_usuarios_C.csv
INFO: executar_calculo_uptime_geral concluído.
------------------------------------------------------
[2025-05-22 23:10:02] --- Ciclo de execução concluído. Aguardando 60 segundos... ---

[2025-05-22 23:11:02] --- Iniciando ciclo de execução ---
INFO: Executando monitor_activity_single_run em 2025-05-22 23:11:02
DEBUG: Lista de MACs 'MACs Efetivamente Ativos ANTERIORES': [VAZIA]
DEBUG: Lista de MACs 'MACs Autenticados NDS (Atuais)': [VAZIA]
DEBUG: Lista de MACs 'MACs Associados WiFi (Atuais)': [VAZIA]
DEBUG: Lista de MACs 'MACs Efetivamente Ativos ATUAIS (NDS+WiFi)': [VAZIA]
------------------------------------------------------
INFO: Iniciando executar_calculo_uptime_geral...
DEBUG: Lista de MACs 'MACs Únicos para Relatório': [VAZIA]
INFO: Escrevendo relatório final em /home/victo/codigo-c/csv/relatorio_usuarios_C.csv
INFO: executar_calculo_uptime_geral concluído.
------------------------------------------------------
[2025-05-22 23:11:02] --- Ciclo de execução concluído. Aguardando 60 segundos... ---

[2025-05-22 23:12:02] --- Iniciando ciclo de execução ---
INFO: Executando monitor_activity_single_run em 2025-05-22 23:12:02
DEBUG: Lista de MACs 'MACs Efetivamente Ativos ANTERIORES': [VAZIA]
DEBUG: Lista de MACs 'MACs Autenticados NDS (Atuais)': [VAZIA]
DEBUG: Lista de MACs 'MACs Associados WiFi (Atuais)': [VAZIA]
DEBUG: Lista de MACs 'MACs Efetivamente Ativos ATUAIS (NDS+WiFi)': [VAZIA]
------------------------------------------------------
INFO: Iniciando executar_calculo_uptime_geral...
DEBUG: Lista de MACs 'MACs Únicos para Relatório': [VAZIA]
INFO: Escrevendo relatório final em /home/victo/codigo-c/csv/relatorio_usuarios_C.csv
INFO: executar_calculo_uptime_geral concluído.
------------------------------------------------------
[2025-05-22 23:12:02] --- Ciclo de execução concluído. Aguardando 60 segundos... ---

[2025-05-22 23:13:02] --- Iniciando ciclo de execução ---
INFO: Executando monitor_activity_single_run em 2025-05-22 23:13:02
DEBUG: Lista de MACs 'MACs Efetivamente Ativos ANTERIORES': [VAZIA]
DEBUG: Lista de MACs 'MACs Autenticados NDS (Atuais)': [VAZIA]
DEBUG: Lista de MACs 'MACs Associados WiFi (Atuais)': [VAZIA]
DEBUG: Lista de MACs 'MACs Efetivamente Ativos ATUAIS (NDS+WiFi)': [VAZIA]
------------------------------------------------------
INFO: Iniciando executar_calculo_uptime_geral...
DEBUG: Lista de MACs 'MACs Únicos para Relatório': [VAZIA]
INFO: Escrevendo relatório final em /home/victo/codigo-c/csv/relatorio_usuarios_C.csv
INFO: executar_calculo_uptime_geral concluído.
------------------------------------------------------
[2025-05-22 23:13:02] --- Ciclo de execução concluído. Aguardando 60 segundos... ---

[2025-05-22 23:14:02] --- Iniciando ciclo de execução ---
INFO: Executando monitor_activity_single_run em 2025-05-22 23:14:02
INFO: Arquivo de MACs anteriores '/home/victo/codigo-c/csv/c_macs_efetivamente_ativos_anterior.txt' não encontrado ou vazio. Iniciando com lista vazia.
DEBUG: Lista de MACs 'MACs Efetivamente Ativos ANTERIORES': [VAZIA]
DEBUG: Lista de MACs 'MACs Autenticados NDS (Atuais)': [VAZIA]
DEBUG: Lista de MACs 'MACs Associados WiFi (Atuais)': [VAZIA]
DEBUG: Lista de MACs 'MACs Efetivamente Ativos ATUAIS (NDS+WiFi)': [VAZIA]
-----------------ERRO: Não foi possível abrir /tmp/nodogsplash_debug/dados_completos.csv para ler dados base dos usuários.
AVISO: Nenhum dado base de usuário carregado. O relatório pode estar vazio ou incompleto.
ERRO: Não foi possível abrir /tmp/nodogsplash_debug/dados_completos.csv para ler dados base dos usuários.
AVISO: Nenhum dado base de usuário carregado. O relatório pode estar vazio ou incompleto.
ERRO: Não foi possível abrir /tmp/nodogsplash_debug/dados_completos.csv para ler dados base dos usuários.
AVISO: Nenhum dado base de usuário carregado. O relatório pode estar vazio ou incompleto.
ERRO: Não foi possível abrir /tmp/nodogsplash_debug/dados_completos.csv para ler dados base dos usuários.
AVISO: Nenhum dado base de usuário carregado. O relatório pode estar vazio ou incompleto.
ERRO: Não foi possível abrir /tmp/nodogsplash_debug/dados_completos.csv para ler dados base dos usuários.
AVISO: Nenhum dado base de usuário carregado. O relatório pode estar vazio ou incompleto.
 Escrevendo relatório final em /home/victo/codigo-c/csv/relatorio_usuarios_C.csv
INFO: executar_calculo_uptime_geral concluído.
------------------------------------------------------
[2025-05-22 23:09:02] --- Ciclo de execução concluído. Aguardando 60 segundos... ---

[2025-05-22 23:10:02] --- Iniciando ciclo de execução ---
INFO: Executando monitor_activity_single_run em 2025-05-22 23:10:02
DEBUG: Lista de MACs 'MACs Efetivamente Ativos ANTERIORES': [VAZIA]
DEBUG: Lista de MACs 'MACs Autenticados NDS (Atuais)': [VAZIA]
DEBUG: Lista de MACs 'MACs Associados WiFi (Atuais)': [VAZIA]
DEBUG: Lista de MACs 'MACs Efetivamente Ativos ATUAIS (NDS+WiFi)': [VAZIA]
------------------------------------------------------
INFO: Iniciando executar_calculo_uptime_geral...
DEBUG: Lista de MACs 'MACs Únicos para Relatório': [VAZIA]
INFO: Escrevendo relatório final em /home/victo/codigo-c/csv/relatorio_usuarios_C.csv
INFO: executar_calculo_uptime_geral concluído.
------------------------------------------------------
[2025-05-22 23:10:02] --- Ciclo de execução concluído. Aguardando 60 segundos... ---

[2025-05-22 23:11:02] --- Iniciando ciclo de execução ---
INFO: Executando monitor_activity_single_run em 2025-05-22 23:11:02
DEBUG: Lista de MACs 'MACs Efetivamente Ativos ANTERIORES': [VAZIA]
DEBUG: Lista de MACs 'MACs Autenticados NDS (Atuais)': [VAZIA]
DEBUG: Lista de MACs 'MACs Associados WiFi (Atuais)': [VAZIA]
DEBUG: Lista de MACs 'MACs Efetivamente Ativos ATUAIS (NDS+WiFi)': [VAZIA]
------------------------------------------------------
INFO: Iniciando executar_calculo_uptime_geral...
DEBUG: Lista de MACs 'MACs Únicos para Relatório': [VAZIA]
INFO: Escrevendo relatório final em /home/victo/codigo-c/csv/relatorio_usuarios_C.csv
INFO: executar_calculo_uptime_geral concluído.
------------------------------------------------------
[2025-05-22 23:11:02] --- Ciclo de execução concluído. Aguardando 60 segundos... ---

[2025-05-22 23:12:02] --- Iniciando ciclo de execução ---
INFO: Executando monitor_activity_single_run em 2025-05-22 23:12:02
DEBUG: Lista de MACs 'MACs Efetivamente Ativos ANTERIORES': [VAZIA]
DEBUG: Lista de MACs 'MACs Autenticados NDS (Atuais)': [VAZIA]
DEBUG: Lista de MACs 'MACs Associados WiFi (Atuais)': [VAZIA]
DEBUG: Lista de MACs 'MACs Efetivamente Ativos ATUAIS (NDS+WiFi)': [VAZIA]
------------------------------------------------------
INFO: Iniciando executar_calculo_uptime_geral...
DEBUG: Lista de MACs 'MACs Únicos para Relatório': [VAZIA]
INFO: Escrevendo relatório final em /home/victo/codigo-c/csv/relatorio_usuarios_C.csv
INFO: executar_calculo_uptime_geral concluído.
------------------------------------------------------
[2025-05-22 23:12:03] --- Ciclo de execução concluído. Aguardando 60 segundos... ---

[2025-05-22 23:13:03] --- Iniciando ciclo de execução ---
INFO: Executando monitor_activity_single_run em 2025-05-22 23:13:03
DEBUG: Lista de MACs 'MACs Efetivamente Ativos ANTERIORES': [VAZIA]
DEBUG: Lista de MACs 'MACs Autenticados NDS (Atuais)': [VAZIA]
DEBUG: Lista de MACs 'MACs Associados WiFi (Atuais)': [VAZIA]
DEBUG: Lista de MACs 'MACs Efetivamente Ativos ATUAIS (NDS+WiFi)': [VAZIA]
------------------------------------------------------
INFO: Iniciando executar_calculo_uptime_geral...
DEBUG: Lista de MACs 'MACs Únicos para Relatório': [VAZIA]
INFO: Escrevendo relatório final em /home/victo/codigo-c/csv/relatorio_usuarios_C.csv
INFO: executar_calculo_uptime_geral concluído.
------------------------------------------------------
[2025-05-22 23:13:03] --- Ciclo de execução concluído. Aguardando 60 segundos... ---

[2025-05-22 23:14:03] --- Iniciando ciclo de execução ---
INFO: Executando monitor_activity_single_run em 2025-05-22 23:14:03
DEBUG: Lista de MACs 'MACs Efetivamente Ativos ANTERIORES': [VAZIA]
DEBUG: Lista de MACs 'MACs Autenticados NDS (Atuais)': [VAZIA]
DEBUG: Lista de MACs 'MACs Associados WiFi (Atuais)': [VAZIA]
DEBUG: Lista de MACs 'MACs Efetivamente Ativos ATUAIS (NDS+WiFi)': [VAZIA]
------------------------------------------------------
INFO: IniciERRO: Não foi possível abrir /tmp/nodogsplash_debug/dados_completos.csv para ler dados base dos usuários.
AVISO: Nenhum dado base de usuário carregado. O relatório pode estar vazio ou incompleto.
ERRO: Não foi possível abrir /tmp/nodogsplash_debug/dados_completos.csv para ler dados base dos usuários.
AVISO: Nenhum dado base de usuário carregado. O relatório pode estar vazio ou incompleto.
ERRO: Não foi possível abrir /tmp/nodogsplash_debug/dados_completos.csv para ler dados base dos usuários.
AVISO: Nenhum dado base de usuário carregado. O relatório pode estar vazio ou incompleto.
ERRO: Não foi possível abrir /tmp/nodogsplash_debug/dados_completos.csv para ler dados base dos usuários.
AVISO: Nenhum dado base de usuário carregado. O relatório pode estar vazio ou incompleto.
ERRO: Não foi possível abrir /tmp/nodogsplash_debug/dados_completos.csv para ler dados base dos usuários.
AVISO: Nenhum dado base de usuário carregado. O relatório pode estar vazio ou incompleto.
ERRO: Não foi possível abrir /tmp/nodogsplash_debug/dados_completos.csv para ler dados base dos usuários.
AVISO: Nenhum dado base de usuário carregado. O relatório pode estar vazio ou incompleto.
ERRO: Não foi possível abrir /tmp/nodogsplash_debug/dados_completos.csv para ler dados base dos usuários.
AVISO: Nenhum dado base de usuário carregado. O relatório pode estar vazio ou incompleto.
ERRO: Não foi possível abrir /tmp/nodogsplash_debug/dados_completos.csv para ler dados base dos usuários.
AVISO: Nenhum dado base de usuário carregado. O relatório pode estar vazio ou incompleto.
_uptime_geral concluído.
------------------------------------------------------
[2025-05-22 23:10:02] --- Ciclo de execução concluído. Aguardando 60 segundos... ---

[2025-05-22 23:11:02] --- Iniciando ciclo de execução ---
INFO: Executando monitor_activity_single_run em 2025-05-22 23:11:02
DEBUG: Lista de MACs 'MACs Efetivamente Ativos ANTERIORES': [VAZIA]
DEBUG: Lista de MACs 'MACs Autenticados NDS (Atuais)': [VAZIA]
DEBUG: Lista de MACs 'MACs Associados WiFi (Atuais)': [VAZIA]
DEBUG: Lista de MACs 'MACs Efetivamente Ativos ATUAIS (NDS+WiFi)': [VAZIA]
------------------------------------------------------
INFO: Iniciando executar_calculo_uptime_geral...
DEBUG: Lista de MACs 'MACs Únicos para Relatório': [VAZIA]
INFO: Escrevendo relatório final em /home/victo/codigo-c/csv/relatorio_usuarios_C.csv
INFO: executar_calculo_uptime_geral concluído.
------------------------------------------------------
[2025-05-22 23:11:02] --- Ciclo de execução concluído. Aguardando 60 segundos... ---

[2025-05-22 23:12:02] --- Iniciando ciclo de execução ---
INFO: Executando monitor_activity_single_run em 2025-05-22 23:12:02
DEBUG: Lista de MACs 'MACs Efetivamente Ativos ANTERIORES': [VAZIA]
DEBUG: Lista de MACs 'MACs Autenticados NDS (Atuais)': [VAZIA]
DEBUG: Lista de MACs 'MACs Associados WiFi (Atuais)': [VAZIA]
DEBUG: Lista de MACs 'MACs Efetivamente Ativos ATUAIS (NDS+WiFi)': [VAZIA]
------------------------------------------------------
INFO: Iniciando executar_calculo_uptime_geral...
DEBUG: Lista de MACs 'MACs Únicos para Relatório': [VAZIA]
INFO: Escrevendo relatório final em /home/victo/codigo-c/csv/relatorio_usuarios_C.csv
INFO: executar_calculo_uptime_geral concluído.
------------------------------------------------------
[2025-05-22 23:12:02] --- Ciclo de execução concluído. Aguardando 60 segundos... ---

[2025-05-22 23:13:02] --- Iniciando ciclo de execução ---
INFO: Executando monitor_activity_single_run em 2025-05-22 23:13:02
DEBUG: Lista de MACs 'MACs Efetivamente Ativos ANTERIORES': [VAZIA]
DEBUG: Lista de MACs 'MACs Autenticados NDS (Atuais)': [VAZIA]
DEBUG: Lista de MACs 'MACs Associados WiFi (Atuais)': [VAZIA]
DEBUG: Lista de MACs 'MACs Efetivamente Ativos ATUAIS (NDS+WiFi)': [VAZIA]
------------------------------------------------------
INFO: Iniciando executar_calculo_uptime_geral...
DEBUG: Lista de MACs 'MACs Únicos para Relatório': [VAZIA]
INFO: Escrevendo relatório final em /home/victo/codigo-c/csv/relatorio_usuarios_C.csv
INFO: executar_calculo_uptime_geral concluído.
------------------------------------------------------
[2025-05-22 23:13:02] --- Ciclo de execução concluído. Aguardando 60 segundos... ---

[2025-05-22 23:14:02] --- Iniciando ciclo de execução ---
INFO: Executando monitor_activity_single_run em 2025-05-22 23:14:02
INFO: Arquivo de MACs anteriores '/home/victo/codigo-c/csv/c_macs_efetivamente_ativos_anterior.txt' não encontrado ou vazio. Iniciando com lista vazia.
DEBUG: Lista de MACs 'MACs Efetivamente Ativos ANTERIORES': [VAZIA]
DEBUG: Lista de MACs 'MACs Autenticados NDS (Atuais)': [VAZIA]
DEBUG: Lista de MACs 'MACs Associados WiFi (Atuais)': [VAZIA]
DEBUG: Lista de MACs 'MACs Efetivamente Ativos ATUAIS (NDS+WiFi)': [VAZIA]
------------------------------------------------------
INFO: Iniciando executar_calculo_uptime_geral...
DEBUG: Lista de MACs 'MACs Únicos para Relatório': [VAZIA]
INFO: Escrevendo relatório final em /home/victo/codigo-c/csv/relatorio_usuarios_C.csv
INFO: executar_calculo_uptime_geral concluído.
------------------------------------------------------
[2025-05-22 23:14:02] --- Ciclo de execução concluído. Aguardando 60 segundos... ---

[2025-05-22 23:15:02] --- Iniciando ciclo de execução ---
INFO: Executando monitor_activity_single_run em 2025-05-22 23:15:02
DEBUG: Lista de MACs 'MACs Efetivamente Ativos ANTERIORES': [VAZIA]
DEBUG: Lista de MACs 'MACs Autenticados NDS (Atuais)': [VAZIA]
DEBUG: Lista de MACs 'MACs Associados WiFi (Atuais)': [VAZIA]
DEBUG: Lista de MACs 'MACs Efetivamente Ativos ATUAIS (NDS+WiFi)': [VAZIA]
-----------------ERRO: Não foi possível abrir /tmp/nodogsplash_debug/dados_completos.csv para ler dados base dos usuários.
AVISO: Nenhum dado base de usuário carregado. O relatório pode estar vazio ou incompleto.
ERRO: Não foi possível abrir /tmp/nodogsplash_debug/dados_completos.csv para ler dados base dos usuários.
AVISO: Nenhum dado base de usuário carregado. O relatório pode estar vazio ou incompleto.
ERRO: Não foi possível abrir /tmp/nodogsplash_debug/dados_completos.csv para ler dados base dos usuários.
AVISO: Nenhum dado base de usuário carregado. O relatório pode estar vazio ou incompleto.
ERRO: Não foi possível abrir /tmp/nodogsplash_debug/dados_completos.csv para ler dados base dos usuários.
AVISO: Nenhum dado base de usuário carregado. O relatório pode estar vazio ou incompleto.
ERRO: Não foi possível abrir /tmp/nodogsplash_debug/dados_completos.csv para ler dados base dos usuários.
AVISO: Nenhum dado base de usuário carregado. O relatório pode estar vazio ou incompleto.
ERRO: Não foi possível abrir /tmp/nodogsplash_debug/dados_completos.csv para ler dados base dos usuários.
AVISO: Nenhum dado base de usuário carregado. O relatório pode estar vazio ou incompleto.
ERRO: Não foi possível abrir /tmp/nodogsplash_debug/dados_completos.csv para ler dados base dos usuários.
AVISO: Nenhum dado base de usuário carregado. O relatório pode estar vazio ou incompleto.
 Escrevendo relatório final em /home/victo/codigo-c/csv/relatorio_usuarios_C.csv
INFO: executar_calculo_uptime_geral concluído.
------------------------------------------------------
[2025-05-22 23:10:02] --- Ciclo de execução concluído. Aguardando 60 segundos... ---

[2025-05-22 23:11:02] --- Iniciando ciclo de execução ---
INFO: Executando monitor_activity_single_run em 2025-05-22 23:11:02
DEBUG: Lista de MACs 'MACs Efetivamente Ativos ANTERIORES': [VAZIA]
DEBUG: Lista de MACs 'MACs Autenticados NDS (Atuais)': [VAZIA]
DEBUG: Lista de MACs 'MACs Associados WiFi (Atuais)': [VAZIA]
DEBUG: Lista de MACs 'MACs Efetivamente Ativos ATUAIS (NDS+WiFi)': [VAZIA]
------------------------------------------------------
INFO: Iniciando executar_calculo_uptime_geral...
DEBUG: Lista de MACs 'MACs Únicos para Relatório': [VAZIA]
INFO: Escrevendo relatório final em /home/victo/codigo-c/csv/relatorio_usuarios_C.csv
INFO: executar_calculo_uptime_geral concluído.
------------------------------------------------------
[2025-05-22 23:11:02] --- Ciclo de execução concluído. Aguardando 60 segundos... ---

[2025-05-22 23:12:02] --- Iniciando ciclo de execução ---
INFO: Executando monitor_activity_single_run em 2025-05-22 23:12:02
DEBUG: Lista de MACs 'MACs Efetivamente Ativos ANTERIORES': [VAZIA]
DEBUG: Lista de MACs 'MACs Autenticados NDS (Atuais)': [VAZIA]
DEBUG: Lista de MACs 'MACs Associados WiFi (Atuais)': [VAZIA]
DEBUG: Lista de MACs 'MACs Efetivamente Ativos ATUAIS (NDS+WiFi)': [VAZIA]
------------------------------------------------------
INFO: Iniciando executar_calculo_uptime_geral...
DEBUG: Lista de MACs 'MACs Únicos para Relatório': [VAZIA]
INFO: Escrevendo relatório final em /home/victo/codigo-c/csv/relatorio_usuarios_C.csv
INFO: executar_calculo_uptime_geral concluído.
------------------------------------------------------
[2025-05-22 23:12:02] --- Ciclo de execução concluído. Aguardando 60 segundos... ---

[2025-05-22 23:13:02] --- Iniciando ciclo de execução ---
INFO: Executando monitor_activity_single_run em 2025-05-22 23:13:02
DEBUG: Lista de MACs 'MACs Efetivamente Ativos ANTERIORES': [VAZIA]
DEBUG: Lista de MACs 'MACs Autenticados NDS (Atuais)': [VAZIA]
DEBUG: Lista de MACs 'MACs Associados WiFi (Atuais)': [VAZIA]
DEBUG: Lista de MACs 'MACs Efetivamente Ativos ATUAIS (NDS+WiFi)': [VAZIA]
------------------------------------------------------
INFO: Iniciando executar_calculo_uptime_geral...
DEBUG: Lista de MACs 'MACs Únicos para Relatório': [VAZIA]
INFO: Escrevendo relatório final em /home/victo/codigo-c/csv/relatorio_usuarios_C.csv
INFO: executar_calculo_uptime_geral concluído.
------------------------------------------------------
[2025-05-22 23:13:02] --- Ciclo de execução concluído. Aguardando 60 segundos... ---

[2025-05-22 23:14:02] --- Iniciando ciclo de execução ---
INFO: Executando monitor_activity_single_run em 2025-05-22 23:14:02
DEBUG: Lista de MACs 'MACs Efetivamente Ativos ANTERIORES': [VAZIA]
DEBUG: Lista de MACs 'MACs Autenticados NDS (Atuais)': [VAZIA]
DEBUG: Lista de MACs 'MACs Associados WiFi (Atuais)': [VAZIA]
DEBUG: Lista de MACs 'MACs Efetivamente Ativos ATUAIS (NDS+WiFi)': [VAZIA]
------------------------------------------------------
INFO: Iniciando executar_calculo_uptime_geral...
DEBUG: Lista de MACs 'MACs Únicos para Relatório': [VAZIA]
INFO: Escrevendo relatório final em /home/victo/codigo-c/csv/relatorio_usuarios_C.csv
INFO: executar_calculo_uptime_geral concluído.
------------------------------------------------------
[2025-05-22 23:14:03] --- Ciclo de execução concluído. Aguardando 60 segundos... ---

[2025-05-22 23:15:03] --- Iniciando ciclo de execução ---
INFO: Executando monitor_activity_single_run em 2025-05-22 23:15:03
DEBUG: Lista de MACs 'MACs Efetivamente Ativos ANTERIORES': [VAZIA]
DEBUG: Lista de MACs 'MACs Autenticados NDS (Atuais)': [VAZIA]
DEBUG: Lista de MACs 'MACs Associados WiFi (Atuais)': [VAZIA]
DEBUG: Lista de MACs 'MACs Efetivamente Ativos ATUAIS (NDS+WiFi)': [VAZIA]
------------------------------------------------------
INFO: IniciERRO: Não foi possível abrir /tmp/nodogsplash_debug/dados_completos.csv para ler dados base dos usuários.
AVISO: Nenhum dado base de usuário carregado. O relatório pode estar vazio ou incompleto.
ndsctl: nodogsplash probably not started (Error: Connection refused)
ERRO: Não foi possível abrir /tmp/nodogsplash_debug/dados_completos.csv para ler dados base dos usuários.
AVISO: Nenhum dado base de usuário carregado. O relatório pode estar vazio ou incompleto.
ndsctl: nodogsplash probably not started (Error: Connection refused)
ERRO: Não foi possível abrir /tmp/nodogsplash_debug/dados_completos.csv para ler dados base dos usuários.
AVISO: Nenhum dado base de usuário carregado. O relatório pode estar vazio ou incompleto.
ndsctl: nodogsplash probably not started (Error: Connection refused)
ando executar_calculo_uptime_geral...
DEBUG: Lista de MACs 'MACs Únicos para Relatório': [VAZIA]
INFO: Escrevendo relatório final em /home/victo/codigo-c/csv/relatorio_usuarios_C.csv
INFO: executar_calculo_uptime_geral concluído.
------------------------------------------------------
[2025-05-22 23:10:17] --- Ciclo de execução concluído. Aguardando 60 segundos... ---

[2025-05-22 23:11:17] --- Iniciando ciclo de execução ---
INFO: Executando monitor_activity_single_run em 2025-05-22 23:11:17
DEBUG: Lista de MACs 'MACs Efetivamente Ativos ANTERIORES': [VAZIA]
DEBUG: Lista de MACs 'MACs Autenticados NDS (Atuais)': [VAZIA]
DEBUG: Lista de MACs 'MACs Associados WiFi (Atuais)': [VAZIA]
DEBUG: Lista de MACs 'MACs Efetivamente Ativos ATUAIS (NDS+WiFi)': [VAZIA]
------------------------------------------------------
INFO: Iniciando executar_calculo_uptime_geral...
DEBUG: Lista de MACs 'MACs Únicos para Relatório': [VAZIA]
INFO: Escrevendo relatório final em /home/victo/codigo-c/csv/relatorio_usuarios_C.csv
INFO: executar_calculo_uptime_geral concluído.
------------------------------------------------------
[2025-05-22 23:11:17] --- Ciclo de execução concluído. Aguardando 60 segundos... ---

[2025-05-22 23:12:17] --- Iniciando ciclo de execução ---
INFO: Executando monitor_activity_single_run em 2025-05-22 23:12:17
DEBUG: Lista de MACs 'MACs Efetivamente Ativos ANTERIORES': [VAZIA]
DEBUG: Lista de MACs 'MACs Autenticados NDS (Atuais)': [VAZIA]
DEBUG: Lista de MACs 'MACs Associados WiFi (Atuais)': [VAZIA]
DEBUG: Lista de MACs 'MACs Efetivamente Ativos ATUAIS (NDS+WiFi)': [VAZIA]
------------------------------------------------------
INFO: Iniciando executar_calculo_uptime_geral...
DEBUG: Lista de MACs 'MACs Únicos para Relatório': [VAZIA]
INFO: Escrevendo relatório final em /home/victo/codigo-c/csv/relatorio_usuarios_C.csv
INFO: executar_calculo_uptime_geral concluído.
------------------------------------------------------
[2025-05-22 23:12:18] --- Ciclo de execução concluído. Aguardando 60 segundos... ---

[2025-05-22 23:13:18] --- Iniciando ciclo de execução ---
INFO: Executando monitor_activity_single_run em 2025-05-22 23:13:18
DEBUG: Lista de MACs 'MACs Efetivamente Ativos ANTERIORES': [VAZIA]
DEBUG: Lista de MACs 'MACs Autenticados NDS (Atuais)': [VAZIA]
DEBUG: Lista de MACs 'MACs Associados WiFi (Atuais)': [VAZIA]
DEBUG: Lista de MACs 'MACs Efetivamente Ativos ATUAIS (NDS+WiFi)': [VAZIA]
------------------------------------------------------
INFO: Iniciando executar_calculo_uptime_geral...
DEBUG: Lista de MACs 'MACs Únicos para Relatório': [VAZIA]
INFO: Escrevendo relatório final em /home/victo/codigo-c/csv/relatorio_usuarios_C.csv
INFO: executar_calculo_uptime_geral concluído.
------------------------------------------------------
[2025-05-22 23:13:18] --- Ciclo de execução concluído. Aguardando 60 segundos... ---

[2025-05-22 23:14:18] --- Iniciando ciclo de execução ---
INFO: Executando monitor_activity_single_run em 2025-05-22 23:14:18
DEBUG: Lista de MACs 'MACs Efetivamente Ativos ANTERIORES': [VAZIA]
DEBUG: Lista de MACs 'MACs Autenticados NDS (Atuais)': [VAZIA]
DEBUG: Lista de MACs 'MACs Associados WiFi (Atuais)': [VAZIA]
DEBUG: Lista de MACs 'MACs Efetivamente Ativos ATUAIS (NDS+WiFi)': [VAZIA]
------------------------------------------------------
INFO: Iniciando executar_calculo_uptime_geral...
DEBUG: Lista de MACs 'MACs Únicos para Relatório': [VAZIA]
INFO: Escrevendo relatório final em /home/victo/codigo-c/csv/relatorio_usuarios_C.csv
INFO: executar_calculo_uptime_geral concluído.
------------------------------------------------------
[2025-05-22 23:15:02] --- Ciclo de execução concluído. Aguardando 60 segundos... ---

[2025-05-22 23:16:02] --- Iniciando ciclo de execução ---
INFO: Executando monitor_activity_single_run em 2025-05-22 23:16:02
DEBUG: Lista de MACs 'MACs Efetivamente Ativos ANTERIORES': [VAZIA]
DEBUG: Lista de MACs 'MACs Autenticados NDS (Atuais)': [VAZIA]
DEBUG: Lista de MACs 'MACs Associados WiFi (Atuais)': [VAZIA]
DEBUG: Lista de MACs 'MACs EfetivamenERRO: Não foi possível abrir /tmp/nodogsplash_debug/dados_completos.csv para ler dados base dos usuários.
AVISO: Nenhum dado base de usuário carregado. O relatório pode estar vazio ou incompleto.
ndsctl: nodogsplash probably not started (Error: Connection refused)
ERRO: Não foi possível abrir /tmp/nodogsplash_debug/dados_completos.csv para ler dados base dos usuários.
AVISO: Nenhum dado base de usuário carregado. O relatório pode estar vazio ou incompleto.
ndsctl: nodogsplash probably not started (Error: Connection refused)
ERRO: Não foi possível abrir /tmp/nodogsplash_debug/dados_completos.csv para ler dados base dos usuários.
AVISO: Nenhum dado base de usuário carregado. O relatório pode estar vazio ou incompleto.
ndsctl: nodogsplash probably not started (Error: Connection refused)
_uptime_geral concluído.
------------------------------------------------------
[2025-05-22 23:11:02] --- Ciclo de execução concluído. Aguardando 60 segundos... ---

[2025-05-22 23:12:02] --- Iniciando ciclo de execução ---
INFO: Executando monitor_activity_single_run em 2025-05-22 23:12:02
DEBUG: Lista de MACs 'MACs Efetivamente Ativos ANTERIORES': [VAZIA]
DEBUG: Lista de MACs 'MACs Autenticados NDS (Atuais)': [VAZIA]
DEBUG: Lista de MACs 'MACs Associados WiFi (Atuais)': [VAZIA]
DEBUG: Lista de MACs 'MACs Efetivamente Ativos ATUAIS (NDS+WiFi)': [VAZIA]
------------------------------------------------------
INFO: Iniciando executar_calculo_uptime_geral...
DEBUG: Lista de MACs 'MACs Únicos para Relatório': [VAZIA]
INFO: Escrevendo relatório final em /home/victo/codigo-c/csv/relatorio_usuarios_C.csv
INFO: executar_calculo_uptime_geral concluído.
------------------------------------------------------
[2025-05-22 23:12:02] --- Ciclo de execução concluído. Aguardando 60 segundos... ---

[2025-05-22 23:13:02] --- Iniciando ciclo de execução ---
INFO: Executando monitor_activity_single_run em 2025-05-22 23:13:02
DEBUG: Lista de MACs 'MACs Efetivamente Ativos ANTERIORES': [VAZIA]
DEBUG: Lista de MACs 'MACs Autenticados NDS (Atuais)': [VAZIA]
DEBUG: Lista de MACs 'MACs Associados WiFi (Atuais)': [VAZIA]
DEBUG: Lista de MACs 'MACs Efetivamente Ativos ATUAIS (NDS+WiFi)': [VAZIA]
------------------------------------------------------
INFO: Iniciando executar_calculo_uptime_geral...
DEBUG: Lista de MACs 'MACs Únicos para Relatório': [VAZIA]
INFO: Escrevendo relatório final em /home/victo/codigo-c/csv/relatorio_usuarios_C.csv
INFO: executar_calculo_uptime_geral concluído.
------------------------------------------------------
[2025-05-22 23:13:02] --- Ciclo de execução concluído. Aguardando 60 segundos... ---

[2025-05-22 23:14:02] --- Iniciando ciclo de execução ---
INFO: Executando monitor_activity_single_run em 2025-05-22 23:14:02
INFO: Arquivo de MACs anteriores '/home/victo/codigo-c/csv/c_macs_efetivamente_ativos_anterior.txt' não encontrado ou vazio. Iniciando com lista vazia.
DEBUG: Lista de MACs 'MACs Efetivamente Ativos ANTERIORES': [VAZIA]
DEBUG: Lista de MACs 'MACs Autenticados NDS (Atuais)': [VAZIA]
DEBUG: Lista de MACs 'MACs Associados WiFi (Atuais)': [VAZIA]
DEBUG: Lista de MACs 'MACs Efetivamente Ativos ATUAIS (NDS+WiFi)': [VAZIA]
------------------------------------------------------
INFO: Iniciando executar_calculo_uptime_geral...
DEBUG: Lista de MACs 'MACs Únicos para Relatório': [VAZIA]
INFO: Escrevendo relatório final em /home/victo/codigo-c/csv/relatorio_usuarios_C.csv
INFO: executar_calculo_uptime_geral concluído.
------------------------------------------------------
[2025-05-22 23:14:02] --- Ciclo de execução concluído. Aguardando 60 segundos... ---

[2025-05-22 23:15:02] --- Iniciando ciclo de execução ---
INFO: Executando monitor_activity_single_run em 2025-05-22 23:15:02
DEBUG: Lista de MACs 'MACs Efetivamente Ativos ANTERIORES': [VAZIA]
DEBUG: Lista de MACs 'MACs Autenticados NDS (Atuais)': [VAZIA]
DEBUG: Lista de MACs 'MACs Associados WiFi (Atuais)': [VAZIA]
DEBUG: Lista de MACs 'MACs Efetivamente Ativos ATUAIS (NDS+WiFi)': [VAZIA]
------------------------------------------------------
INFO: Iniciando executar_calculo_uptime_geral...
DEBUG: Lista de MACs 'MACs Únicos para Relatório': [VAZIA]
INFO: Escrevendo relatório final em /home/victo/codigo-c/csv/relatorio_usuarios_C.csv
INFO: executar_calculo_uptime_geral concluído.
------------------------------------------------------
[2025-05-22 23:15:03] --- Ciclo de execução concluído. Aguardando 60 segundos... ---

[2025-05-22 23:16:03] --- Iniciando ciclo de execução ---
INFO: Executando monitor_activity_single_run em 2025-05-22 23:16:03
DEBUG: Lista de MACs 'MACs Efetivamente Ativos ANTERIORES': [VAZIA]
DEBUG: Lista de MACs 'MACs Autenticados NDS (Atuais)': [VAZIA]
DEBUG: Lista de MACs 'MACs Associados WiFi (Atuais)': [VAZIA]
DEBUG: Lista de MACs 'MACs Efetivamente Ativos ATUAIS (NDS+WiFi)': [VAZIA]
-----------------ERRO: Não foi possível abrir /tmp/nodogsplash_debug/dados_completos.csv para ler dados base dos usuários.
AVISO: Nenhum dado base de usuário carregado. O relatório pode estar vazio ou incompleto.
ndsctl: nodogsplash probably not started (Error: Connection refused)
ERRO: Não foi possível abrir /tmp/nodogsplash_debug/dados_completos.csv para ler dados base dos usuários.
AVISO: Nenhum dado base de usuário carregado. O relatório pode estar vazio ou incompleto.
ndsctl: nodogsplash probably not started (Error: Connection refused)
ERRO: Não foi possível abrir /tmp/nodogsplash_debug/dados_completos.csv para ler dados base dos usuários.
AVISO: Nenhum dado base de usuário carregado. O relatório pode estar vazio ou incompleto.
ndsctl: nodogsplash probably not started (Error: Connection refused)
ERRO: Não foi possível abrir /tmp/nodogsplash_debug/dados_completos.csv para ler dados base dos usuários.
AVISO: Nenhum dado base de usuário carregado. O relatório pode estar vazio ou incompleto.
ndsctl: nodogsplash probably not started (Error: Connection refused)
ERRO: Não foi possível abrir /tmp/nodogsplash_debug/dados_completos.csv para ler dados base dos usuários.
AVISO: Nenhum dado base de usuário carregado. O relatório pode estar vazio ou incompleto.
